ISO-10303-21;
HEADER;
/* Generated by software containing ST-Developer
 * from STEP Tools, Inc. (www.steptools.com) 
 */

FILE_DESCRIPTION(
/* description */ (''),
/* implementation_level */ '2;1');

FILE_NAME(
/* name */ 'weyrichn ps3 halter.stp',
/* time_stamp */ '2026-05-27T22:04:45+02:00',
/* author */ ('Nutzer'),
/* organization */ (''),
/* preprocessor_version */ 'ST-DEVELOPER v20',
/* originating_system */ 'Autodesk Inventor 2025',
/* authorisation */ '');

FILE_SCHEMA (('AUTOMOTIVE_DESIGN { 1 0 10303 214 3 1 1 }'));
ENDSEC;

DATA;
#10=MECHANICAL_DESIGN_GEOMETRIC_PRESENTATION_REPRESENTATION('',(#17),#2264);
#11=GEOMETRICALLY_BOUNDED_WIREFRAME_SHAPE_REPRESENTATION('',(#12,#13),#2263);
#12=GEOMETRIC_CURVE_SET('Skizze1',(#2259));
#13=GEOMETRIC_CURVE_SET('Skizze3',(#2260));
#14=SHAPE_REPRESENTATION_RELATIONSHIP('SRR','None',#2271,#16);
#15=SHAPE_REPRESENTATION_RELATIONSHIP('SRR','None',#2271,#11);
#16=ADVANCED_BREP_SHAPE_REPRESENTATION('',(#18),#2263);
#17=STYLED_ITEM('',(#2280),#18);
#18=MANIFOLD_SOLID_BREP('Volumenk\X\F6rper1',#1405);
#19=FACE_BOUND('',#540,.T.);
#20=FACE_BOUND('',#541,.T.);
#21=FACE_BOUND('',#542,.T.);
#22=FACE_BOUND('',#543,.T.);
#23=FACE_BOUND('',#544,.T.);
#24=FACE_BOUND('',#545,.T.);
#25=FACE_BOUND('',#546,.T.);
#26=FACE_BOUND('',#547,.T.);
#27=FACE_BOUND('',#548,.T.);
#28=FACE_BOUND('',#549,.T.);
#29=FACE_BOUND('',#550,.T.);
#30=FACE_BOUND('',#551,.T.);
#31=FACE_BOUND('',#553,.T.);
#32=FACE_BOUND('',#554,.T.);
#33=FACE_BOUND('',#555,.T.);
#34=FACE_BOUND('',#556,.T.);
#35=FACE_BOUND('',#557,.T.);
#36=FACE_BOUND('',#558,.T.);
#37=FACE_BOUND('',#559,.T.);
#38=FACE_BOUND('',#560,.T.);
#39=FACE_BOUND('',#561,.T.);
#40=FACE_BOUND('',#562,.T.);
#41=FACE_BOUND('',#563,.T.);
#42=FACE_BOUND('',#564,.T.);
#43=PLANE('',#1458);
#44=PLANE('',#1459);
#45=PLANE('',#1462);
#46=PLANE('',#1463);
#47=PLANE('',#1468);
#48=PLANE('',#1470);
#49=PLANE('',#1471);
#50=PLANE('',#1472);
#51=PLANE('',#1473);
#52=PLANE('',#1474);
#53=PLANE('',#1475);
#54=PLANE('',#1476);
#55=PLANE('',#1477);
#56=PLANE('',#1478);
#57=PLANE('',#1479);
#58=PLANE('',#1480);
#59=PLANE('',#1481);
#60=PLANE('',#1482);
#61=PLANE('',#1483);
#62=PLANE('',#1484);
#63=PLANE('',#1485);
#64=PLANE('',#1486);
#65=PLANE('',#1487);
#66=PLANE('',#1488);
#67=PLANE('',#1489);
#68=PLANE('',#1490);
#69=PLANE('',#1491);
#70=PLANE('',#1492);
#71=PLANE('',#1493);
#72=PLANE('',#1494);
#73=PLANE('',#1495);
#74=PLANE('',#1496);
#75=PLANE('',#1497);
#76=PLANE('',#1498);
#77=PLANE('',#1499);
#78=PLANE('',#1500);
#79=PLANE('',#1501);
#80=PLANE('',#1502);
#81=PLANE('',#1503);
#82=PLANE('',#1504);
#83=PLANE('',#1505);
#84=PLANE('',#1506);
#85=PLANE('',#1507);
#86=PLANE('',#1508);
#87=PLANE('',#1509);
#88=PLANE('',#1510);
#89=PLANE('',#1511);
#90=PLANE('',#1512);
#91=PLANE('',#1513);
#92=PLANE('',#1514);
#93=PLANE('',#1515);
#94=PLANE('',#1516);
#95=PLANE('',#1517);
#96=PLANE('',#1518);
#97=PLANE('',#1519);
#98=ELLIPSE('',#1433,0.707106781186523,0.5);
#99=ELLIPSE('',#1449,0.707106781186548,0.5);
#100=LINE('',#1886,#270);
#101=LINE('',#1888,#271);
#102=LINE('',#1901,#272);
#103=LINE('',#1902,#273);
#104=LINE('',#1904,#274);
#105=LINE('',#1905,#275);
#106=LINE('',#1910,#276);
#107=LINE('',#1911,#277);
#108=LINE('',#1915,#278);
#109=LINE('',#1916,#279);
#110=LINE('',#1921,#280);
#111=LINE('',#1922,#281);
#112=LINE('',#1925,#282);
#113=LINE('',#1929,#283);
#114=LINE('',#1933,#284);
#115=LINE('',#1935,#285);
#116=LINE('',#1943,#286);
#117=LINE('',#1946,#287);
#118=LINE('',#1947,#288);
#119=LINE('',#1950,#289);
#120=LINE('',#1953,#290);
#121=LINE('',#1956,#291);
#122=LINE('',#1958,#292);
#123=LINE('',#1960,#293);
#124=LINE('',#1962,#294);
#125=LINE('',#1963,#295);
#126=LINE('',#1966,#296);
#127=LINE('',#1968,#297);
#128=LINE('',#1969,#298);
#129=LINE('',#1972,#299);
#130=LINE('',#1974,#300);
#131=LINE('',#1976,#301);
#132=LINE('',#1978,#302);
#133=LINE('',#1980,#303);
#134=LINE('',#1982,#304);
#135=LINE('',#1983,#305);
#136=LINE('',#1986,#306);
#137=LINE('',#1988,#307);
#138=LINE('',#1989,#308);
#139=LINE('',#1992,#309);
#140=LINE('',#1994,#310);
#141=LINE('',#1995,#311);
#142=LINE('',#1998,#312);
#143=LINE('',#2000,#313);
#144=LINE('',#2002,#314);
#145=LINE('',#2004,#315);
#146=LINE('',#2005,#316);
#147=LINE('',#2008,#317);
#148=LINE('',#2010,#318);
#149=LINE('',#2011,#319);
#150=LINE('',#2014,#320);
#151=LINE('',#2016,#321);
#152=LINE('',#2018,#322);
#153=LINE('',#2020,#323);
#154=LINE('',#2022,#324);
#155=LINE('',#2024,#325);
#156=LINE('',#2026,#326);
#157=LINE('',#2027,#327);
#158=LINE('',#2030,#328);
#159=LINE('',#2032,#329);
#160=LINE('',#2033,#330);
#161=LINE('',#2036,#331);
#162=LINE('',#2038,#332);
#163=LINE('',#2039,#333);
#164=LINE('',#2042,#334);
#165=LINE('',#2044,#335);
#166=LINE('',#2045,#336);
#167=LINE('',#2048,#337);
#168=LINE('',#2050,#338);
#169=LINE('',#2051,#339);
#170=LINE('',#2055,#340);
#171=LINE('',#2057,#341);
#172=LINE('',#2058,#342);
#173=LINE('',#2061,#343);
#174=LINE('',#2063,#344);
#175=LINE('',#2064,#345);
#176=LINE('',#2067,#346);
#177=LINE('',#2069,#347);
#178=LINE('',#2070,#348);
#179=LINE('',#2073,#349);
#180=LINE('',#2075,#350);
#181=LINE('',#2076,#351);
#182=LINE('',#2079,#352);
#183=LINE('',#2081,#353);
#184=LINE('',#2083,#354);
#185=LINE('',#2085,#355);
#186=LINE('',#2087,#356);
#187=LINE('',#2089,#357);
#188=LINE('',#2091,#358);
#189=LINE('',#2092,#359);
#190=LINE('',#2095,#360);
#191=LINE('',#2097,#361);
#192=LINE('',#2098,#362);
#193=LINE('',#2101,#363);
#194=LINE('',#2103,#364);
#195=LINE('',#2105,#365);
#196=LINE('',#2107,#366);
#197=LINE('',#2108,#367);
#198=LINE('',#2111,#368);
#199=LINE('',#2113,#369);
#200=LINE('',#2114,#370);
#201=LINE('',#2117,#371);
#202=LINE('',#2119,#372);
#203=LINE('',#2120,#373);
#204=LINE('',#2123,#374);
#205=LINE('',#2125,#375);
#206=LINE('',#2127,#376);
#207=LINE('',#2129,#377);
#208=LINE('',#2131,#378);
#209=LINE('',#2133,#379);
#210=LINE('',#2134,#380);
#211=LINE('',#2137,#381);
#212=LINE('',#2139,#382);
#213=LINE('',#2140,#383);
#214=LINE('',#2143,#384);
#215=LINE('',#2145,#385);
#216=LINE('',#2147,#386);
#217=LINE('',#2149,#387);
#218=LINE('',#2150,#388);
#219=LINE('',#2154,#389);
#220=LINE('',#2158,#390);
#221=LINE('',#2161,#391);
#222=LINE('',#2162,#392);
#223=LINE('',#2164,#393);
#224=LINE('',#2166,#394);
#225=LINE('',#2168,#395);
#226=LINE('',#2171,#396);
#227=LINE('',#2172,#397);
#228=LINE('',#2174,#398);
#229=LINE('',#2177,#399);
#230=LINE('',#2178,#400);
#231=LINE('',#2180,#401);
#232=LINE('',#2182,#402);
#233=LINE('',#2184,#403);
#234=LINE('',#2186,#404);
#235=LINE('',#2188,#405);
#236=LINE('',#2191,#406);
#237=LINE('',#2192,#407);
#238=LINE('',#2194,#408);
#239=LINE('',#2197,#409);
#240=LINE('',#2198,#410);
#241=LINE('',#2200,#411);
#242=LINE('',#2203,#412);
#243=LINE('',#2204,#413);
#244=LINE('',#2206,#414);
#245=LINE('',#2208,#415);
#246=LINE('',#2210,#416);
#247=LINE('',#2213,#417);
#248=LINE('',#2214,#418);
#249=LINE('',#2216,#419);
#250=LINE('',#2219,#420);
#251=LINE('',#2220,#421);
#252=LINE('',#2222,#422);
#253=LINE('',#2224,#423);
#254=LINE('',#2226,#424);
#255=LINE('',#2228,#425);
#256=LINE('',#2230,#426);
#257=LINE('',#2232,#427);
#258=LINE('',#2235,#428);
#259=LINE('',#2236,#429);
#260=LINE('',#2238,#430);
#261=LINE('',#2241,#431);
#262=LINE('',#2242,#432);
#263=LINE('',#2244,#433);
#264=LINE('',#2247,#434);
#265=LINE('',#2248,#435);
#266=LINE('',#2250,#436);
#267=LINE('',#2253,#437);
#268=LINE('',#2254,#438);
#269=LINE('',#2256,#439);
#270=VECTOR('',#1532,10.);
#271=VECTOR('',#1533,10.);
#272=VECTOR('',#1548,10.);
#273=VECTOR('',#1549,10.);
#274=VECTOR('',#1552,10.);
#275=VECTOR('',#1553,10.);
#276=VECTOR('',#1558,10.);
#277=VECTOR('',#1559,10.);
#278=VECTOR('',#1564,10.);
#279=VECTOR('',#1565,10.);
#280=VECTOR('',#1570,10.);
#281=VECTOR('',#1571,10.);
#282=VECTOR('',#1574,10.);
#283=VECTOR('',#1577,10.);
#284=VECTOR('',#1582,10.);
#285=VECTOR('',#1585,10.);
#286=VECTOR('',#1600,10.);
#287=VECTOR('',#1603,10.);
#288=VECTOR('',#1604,10.);
#289=VECTOR('',#1607,10.);
#290=VECTOR('',#1612,10.);
#291=VECTOR('',#1613,10.);
#292=VECTOR('',#1614,10.);
#293=VECTOR('',#1615,10.);
#294=VECTOR('',#1616,10.);
#295=VECTOR('',#1617,10.);
#296=VECTOR('',#1618,10.);
#297=VECTOR('',#1619,10.);
#298=VECTOR('',#1620,10.);
#299=VECTOR('',#1621,10.);
#300=VECTOR('',#1622,10.);
#301=VECTOR('',#1623,10.);
#302=VECTOR('',#1624,10.);
#303=VECTOR('',#1625,10.);
#304=VECTOR('',#1626,10.);
#305=VECTOR('',#1627,10.);
#306=VECTOR('',#1628,10.);
#307=VECTOR('',#1629,10.);
#308=VECTOR('',#1630,10.);
#309=VECTOR('',#1631,10.);
#310=VECTOR('',#1632,10.);
#311=VECTOR('',#1633,10.);
#312=VECTOR('',#1634,10.);
#313=VECTOR('',#1635,10.);
#314=VECTOR('',#1636,10.);
#315=VECTOR('',#1637,10.);
#316=VECTOR('',#1638,10.);
#317=VECTOR('',#1639,10.);
#318=VECTOR('',#1640,10.);
#319=VECTOR('',#1641,10.);
#320=VECTOR('',#1642,10.);
#321=VECTOR('',#1643,10.);
#322=VECTOR('',#1644,10.);
#323=VECTOR('',#1645,10.);
#324=VECTOR('',#1646,10.);
#325=VECTOR('',#1647,10.);
#326=VECTOR('',#1648,10.);
#327=VECTOR('',#1649,10.);
#328=VECTOR('',#1650,10.);
#329=VECTOR('',#1651,10.);
#330=VECTOR('',#1652,10.);
#331=VECTOR('',#1653,10.);
#332=VECTOR('',#1654,10.);
#333=VECTOR('',#1655,10.);
#334=VECTOR('',#1656,10.);
#335=VECTOR('',#1657,10.);
#336=VECTOR('',#1658,10.);
#337=VECTOR('',#1659,10.);
#338=VECTOR('',#1660,10.);
#339=VECTOR('',#1661,10.);
#340=VECTOR('',#1664,10.);
#341=VECTOR('',#1665,10.);
#342=VECTOR('',#1666,10.);
#343=VECTOR('',#1667,10.);
#344=VECTOR('',#1668,10.);
#345=VECTOR('',#1669,10.);
#346=VECTOR('',#1670,10.);
#347=VECTOR('',#1671,10.);
#348=VECTOR('',#1672,10.);
#349=VECTOR('',#1673,10.);
#350=VECTOR('',#1674,10.);
#351=VECTOR('',#1675,10.);
#352=VECTOR('',#1676,10.);
#353=VECTOR('',#1677,10.);
#354=VECTOR('',#1678,10.);
#355=VECTOR('',#1679,10.);
#356=VECTOR('',#1680,10.);
#357=VECTOR('',#1681,10.);
#358=VECTOR('',#1682,10.);
#359=VECTOR('',#1683,10.);
#360=VECTOR('',#1684,10.);
#361=VECTOR('',#1685,10.);
#362=VECTOR('',#1686,10.);
#363=VECTOR('',#1687,10.);
#364=VECTOR('',#1688,10.);
#365=VECTOR('',#1689,10.);
#366=VECTOR('',#1690,10.);
#367=VECTOR('',#1691,10.);
#368=VECTOR('',#1692,10.);
#369=VECTOR('',#1693,10.);
#370=VECTOR('',#1694,10.);
#371=VECTOR('',#1695,10.);
#372=VECTOR('',#1696,10.);
#373=VECTOR('',#1697,10.);
#374=VECTOR('',#1698,10.);
#375=VECTOR('',#1699,10.);
#376=VECTOR('',#1700,10.);
#377=VECTOR('',#1701,10.);
#378=VECTOR('',#1702,10.);
#379=VECTOR('',#1703,10.);
#380=VECTOR('',#1704,10.);
#381=VECTOR('',#1705,10.);
#382=VECTOR('',#1706,10.);
#383=VECTOR('',#1707,10.);
#384=VECTOR('',#1708,10.);
#385=VECTOR('',#1709,10.);
#386=VECTOR('',#1710,10.);
#387=VECTOR('',#1711,10.);
#388=VECTOR('',#1712,10.);
#389=VECTOR('',#1717,10.);
#390=VECTOR('',#1724,10.);
#391=VECTOR('',#1729,10.);
#392=VECTOR('',#1730,10.);
#393=VECTOR('',#1733,10.);
#394=VECTOR('',#1736,10.);
#395=VECTOR('',#1739,10.);
#396=VECTOR('',#1744,10.);
#397=VECTOR('',#1745,10.);
#398=VECTOR('',#1748,10.);
#399=VECTOR('',#1753,10.);
#400=VECTOR('',#1754,10.);
#401=VECTOR('',#1757,10.);
#402=VECTOR('',#1760,10.);
#403=VECTOR('',#1763,10.);
#404=VECTOR('',#1766,10.);
#405=VECTOR('',#1769,10.);
#406=VECTOR('',#1774,10.);
#407=VECTOR('',#1775,10.);
#408=VECTOR('',#1778,10.);
#409=VECTOR('',#1783,10.);
#410=VECTOR('',#1784,10.);
#411=VECTOR('',#1787,10.);
#412=VECTOR('',#1792,10.);
#413=VECTOR('',#1793,10.);
#414=VECTOR('',#1796,10.);
#415=VECTOR('',#1799,10.);
#416=VECTOR('',#1802,10.);
#417=VECTOR('',#1807,10.);
#418=VECTOR('',#1808,10.);
#419=VECTOR('',#1811,10.);
#420=VECTOR('',#1816,10.);
#421=VECTOR('',#1817,10.);
#422=VECTOR('',#1820,10.);
#423=VECTOR('',#1823,10.);
#424=VECTOR('',#1826,10.);
#425=VECTOR('',#1829,10.);
#426=VECTOR('',#1832,10.);
#427=VECTOR('',#1835,10.);
#428=VECTOR('',#1840,10.);
#429=VECTOR('',#1841,10.);
#430=VECTOR('',#1844,10.);
#431=VECTOR('',#1849,10.);
#432=VECTOR('',#1850,10.);
#433=VECTOR('',#1853,10.);
#434=VECTOR('',#1858,10.);
#435=VECTOR('',#1859,10.);
#436=VECTOR('',#1862,10.);
#437=VECTOR('',#1867,10.);
#438=VECTOR('',#1868,10.);
#439=VECTOR('',#1871,10.);
#440=CYLINDRICAL_SURFACE('',#1432,0.5);
#441=CYLINDRICAL_SURFACE('',#1438,0.5);
#442=CYLINDRICAL_SURFACE('',#1440,0.5);
#443=CYLINDRICAL_SURFACE('',#1441,0.5);
#444=CYLINDRICAL_SURFACE('',#1443,0.5);
#445=CYLINDRICAL_SURFACE('',#1445,0.5);
#446=CYLINDRICAL_SURFACE('',#1447,0.5);
#447=CYLINDRICAL_SURFACE('',#1450,0.5);
#448=CYLINDRICAL_SURFACE('',#1460,0.5);
#449=CYLINDRICAL_SURFACE('',#1464,0.5);
#450=CYLINDRICAL_SURFACE('',#1469,0.5);
#451=FACE_OUTER_BOUND('',#523,.T.);
#452=FACE_OUTER_BOUND('',#524,.T.);
#453=FACE_OUTER_BOUND('',#525,.T.);
#454=FACE_OUTER_BOUND('',#526,.T.);
#455=FACE_OUTER_BOUND('',#527,.T.);
#456=FACE_OUTER_BOUND('',#528,.T.);
#457=FACE_OUTER_BOUND('',#529,.T.);
#458=FACE_OUTER_BOUND('',#530,.T.);
#459=FACE_OUTER_BOUND('',#531,.T.);
#460=FACE_OUTER_BOUND('',#532,.T.);
#461=FACE_OUTER_BOUND('',#533,.T.);
#462=FACE_OUTER_BOUND('',#534,.T.);
#463=FACE_OUTER_BOUND('',#535,.T.);
#464=FACE_OUTER_BOUND('',#536,.T.);
#465=FACE_OUTER_BOUND('',#537,.T.);
#466=FACE_OUTER_BOUND('',#538,.T.);
#467=FACE_OUTER_BOUND('',#539,.T.);
#468=FACE_OUTER_BOUND('',#552,.T.);
#469=FACE_OUTER_BOUND('',#565,.T.);
#470=FACE_OUTER_BOUND('',#566,.T.);
#471=FACE_OUTER_BOUND('',#567,.T.);
#472=FACE_OUTER_BOUND('',#568,.T.);
#473=FACE_OUTER_BOUND('',#569,.T.);
#474=FACE_OUTER_BOUND('',#570,.T.);
#475=FACE_OUTER_BOUND('',#571,.T.);
#476=FACE_OUTER_BOUND('',#572,.T.);
#477=FACE_OUTER_BOUND('',#573,.T.);
#478=FACE_OUTER_BOUND('',#574,.T.);
#479=FACE_OUTER_BOUND('',#575,.T.);
#480=FACE_OUTER_BOUND('',#576,.T.);
#481=FACE_OUTER_BOUND('',#577,.T.);
#482=FACE_OUTER_BOUND('',#578,.T.);
#483=FACE_OUTER_BOUND('',#579,.T.);
#484=FACE_OUTER_BOUND('',#580,.T.);
#485=FACE_OUTER_BOUND('',#581,.T.);
#486=FACE_OUTER_BOUND('',#582,.T.);
#487=FACE_OUTER_BOUND('',#583,.T.);
#488=FACE_OUTER_BOUND('',#584,.T.);
#489=FACE_OUTER_BOUND('',#585,.T.);
#490=FACE_OUTER_BOUND('',#586,.T.);
#491=FACE_OUTER_BOUND('',#587,.T.);
#492=FACE_OUTER_BOUND('',#588,.T.);
#493=FACE_OUTER_BOUND('',#589,.T.);
#494=FACE_OUTER_BOUND('',#590,.T.);
#495=FACE_OUTER_BOUND('',#591,.T.);
#496=FACE_OUTER_BOUND('',#592,.T.);
#497=FACE_OUTER_BOUND('',#593,.T.);
#498=FACE_OUTER_BOUND('',#594,.T.);
#499=FACE_OUTER_BOUND('',#595,.T.);
#500=FACE_OUTER_BOUND('',#596,.T.);
#501=FACE_OUTER_BOUND('',#597,.T.);
#502=FACE_OUTER_BOUND('',#598,.T.);
#503=FACE_OUTER_BOUND('',#599,.T.);
#504=FACE_OUTER_BOUND('',#600,.T.);
#505=FACE_OUTER_BOUND('',#601,.T.);
#506=FACE_OUTER_BOUND('',#602,.T.);
#507=FACE_OUTER_BOUND('',#603,.T.);
#508=FACE_OUTER_BOUND('',#604,.T.);
#509=FACE_OUTER_BOUND('',#605,.T.);
#510=FACE_OUTER_BOUND('',#606,.T.);
#511=FACE_OUTER_BOUND('',#607,.T.);
#512=FACE_OUTER_BOUND('',#608,.T.);
#513=FACE_OUTER_BOUND('',#609,.T.);
#514=FACE_OUTER_BOUND('',#610,.T.);
#515=FACE_OUTER_BOUND('',#611,.T.);
#516=FACE_OUTER_BOUND('',#612,.T.);
#517=FACE_OUTER_BOUND('',#613,.T.);
#518=FACE_OUTER_BOUND('',#614,.T.);
#519=FACE_OUTER_BOUND('',#615,.T.);
#520=FACE_OUTER_BOUND('',#616,.T.);
#521=FACE_OUTER_BOUND('',#617,.T.);
#522=FACE_OUTER_BOUND('',#618,.T.);
#523=EDGE_LOOP('',(#947,#948,#949));
#524=EDGE_LOOP('',(#950,#951,#952,#953));
#525=EDGE_LOOP('',(#954,#955,#956));
#526=EDGE_LOOP('',(#957,#958,#959,#960));
#527=EDGE_LOOP('',(#961,#962,#963,#964));
#528=EDGE_LOOP('',(#965,#966,#967,#968));
#529=EDGE_LOOP('',(#969,#970,#971,#972));
#530=EDGE_LOOP('',(#973,#974,#975,#976));
#531=EDGE_LOOP('',(#977,#978,#979,#980));
#532=EDGE_LOOP('',(#981,#982,#983,#984));
#533=EDGE_LOOP('',(#985,#986,#987));
#534=EDGE_LOOP('',(#988,#989,#990));
#535=EDGE_LOOP('',(#991,#992,#993));
#536=EDGE_LOOP('',(#994,#995,#996,#997));
#537=EDGE_LOOP('',(#998,#999,#1000,#1001));
#538=EDGE_LOOP('',(#1002,#1003,#1004,#1005));
#539=EDGE_LOOP('',(#1006,#1007,#1008,#1009));
#540=EDGE_LOOP('',(#1010,#1011,#1012,#1013,#1014));
#541=EDGE_LOOP('',(#1015,#1016,#1017));
#542=EDGE_LOOP('',(#1018,#1019,#1020,#1021,#1022,#1023,#1024));
#543=EDGE_LOOP('',(#1025,#1026,#1027));
#544=EDGE_LOOP('',(#1028,#1029,#1030));
#545=EDGE_LOOP('',(#1031,#1032,#1033,#1034,#1035));
#546=EDGE_LOOP('',(#1036,#1037,#1038));
#547=EDGE_LOOP('',(#1039,#1040,#1041,#1042,#1043,#1044,#1045,#1046));
#548=EDGE_LOOP('',(#1047,#1048,#1049));
#549=EDGE_LOOP('',(#1050,#1051,#1052));
#550=EDGE_LOOP('',(#1053,#1054,#1055));
#551=EDGE_LOOP('',(#1056,#1057,#1058));
#552=EDGE_LOOP('',(#1059,#1060,#1061,#1062));
#553=EDGE_LOOP('',(#1063,#1064,#1065));
#554=EDGE_LOOP('',(#1066,#1067,#1068));
#555=EDGE_LOOP('',(#1069,#1070,#1071));
#556=EDGE_LOOP('',(#1072,#1073,#1074));
#557=EDGE_LOOP('',(#1075,#1076,#1077,#1078,#1079,#1080,#1081,#1082));
#558=EDGE_LOOP('',(#1083,#1084,#1085));
#559=EDGE_LOOP('',(#1086,#1087,#1088,#1089,#1090));
#560=EDGE_LOOP('',(#1091,#1092,#1093));
#561=EDGE_LOOP('',(#1094,#1095,#1096));
#562=EDGE_LOOP('',(#1097,#1098,#1099,#1100,#1101,#1102,#1103));
#563=EDGE_LOOP('',(#1104,#1105,#1106));
#564=EDGE_LOOP('',(#1107,#1108,#1109,#1110,#1111));
#565=EDGE_LOOP('',(#1112,#1113,#1114,#1115));
#566=EDGE_LOOP('',(#1116,#1117,#1118));
#567=EDGE_LOOP('',(#1119,#1120,#1121,#1122));
#568=EDGE_LOOP('',(#1123,#1124,#1125,#1126));
#569=EDGE_LOOP('',(#1127,#1128,#1129,#1130));
#570=EDGE_LOOP('',(#1131,#1132,#1133,#1134));
#571=EDGE_LOOP('',(#1135,#1136,#1137,#1138));
#572=EDGE_LOOP('',(#1139,#1140,#1141,#1142));
#573=EDGE_LOOP('',(#1143,#1144,#1145,#1146));
#574=EDGE_LOOP('',(#1147,#1148,#1149,#1150));
#575=EDGE_LOOP('',(#1151,#1152,#1153,#1154));
#576=EDGE_LOOP('',(#1155,#1156,#1157,#1158));
#577=EDGE_LOOP('',(#1159,#1160,#1161,#1162));
#578=EDGE_LOOP('',(#1163,#1164,#1165,#1166));
#579=EDGE_LOOP('',(#1167,#1168,#1169,#1170));
#580=EDGE_LOOP('',(#1171,#1172,#1173,#1174));
#581=EDGE_LOOP('',(#1175,#1176,#1177,#1178));
#582=EDGE_LOOP('',(#1179,#1180,#1181,#1182));
#583=EDGE_LOOP('',(#1183,#1184,#1185,#1186));
#584=EDGE_LOOP('',(#1187,#1188,#1189,#1190));
#585=EDGE_LOOP('',(#1191,#1192,#1193,#1194));
#586=EDGE_LOOP('',(#1195,#1196,#1197,#1198));
#587=EDGE_LOOP('',(#1199,#1200,#1201,#1202));
#588=EDGE_LOOP('',(#1203,#1204,#1205,#1206));
#589=EDGE_LOOP('',(#1207,#1208,#1209,#1210));
#590=EDGE_LOOP('',(#1211,#1212,#1213,#1214));
#591=EDGE_LOOP('',(#1215,#1216,#1217,#1218));
#592=EDGE_LOOP('',(#1219,#1220,#1221,#1222));
#593=EDGE_LOOP('',(#1223,#1224,#1225,#1226));
#594=EDGE_LOOP('',(#1227,#1228,#1229,#1230));
#595=EDGE_LOOP('',(#1231,#1232,#1233,#1234));
#596=EDGE_LOOP('',(#1235,#1236,#1237,#1238));
#597=EDGE_LOOP('',(#1239,#1240,#1241,#1242));
#598=EDGE_LOOP('',(#1243,#1244,#1245,#1246));
#599=EDGE_LOOP('',(#1247,#1248,#1249,#1250));
#600=EDGE_LOOP('',(#1251,#1252,#1253,#1254));
#601=EDGE_LOOP('',(#1255,#1256,#1257,#1258));
#602=EDGE_LOOP('',(#1259,#1260,#1261,#1262));
#603=EDGE_LOOP('',(#1263,#1264,#1265,#1266));
#604=EDGE_LOOP('',(#1267,#1268,#1269,#1270));
#605=EDGE_LOOP('',(#1271,#1272,#1273,#1274));
#606=EDGE_LOOP('',(#1275,#1276,#1277,#1278));
#607=EDGE_LOOP('',(#1279,#1280,#1281,#1282));
#608=EDGE_LOOP('',(#1283,#1284,#1285,#1286));
#609=EDGE_LOOP('',(#1287,#1288,#1289,#1290));
#610=EDGE_LOOP('',(#1291,#1292,#1293,#1294));
#611=EDGE_LOOP('',(#1295,#1296,#1297,#1298));
#612=EDGE_LOOP('',(#1299,#1300,#1301,#1302));
#613=EDGE_LOOP('',(#1303,#1304,#1305,#1306));
#614=EDGE_LOOP('',(#1307,#1308,#1309,#1310));
#615=EDGE_LOOP('',(#1311,#1312,#1313,#1314));
#616=EDGE_LOOP('',(#1315,#1316,#1317,#1318));
#617=EDGE_LOOP('',(#1319,#1320,#1321,#1322));
#618=EDGE_LOOP('',(#1323,#1324,#1325,#1326));
#619=CIRCLE('',#1429,0.5);
#620=CIRCLE('',#1430,0.5);
#621=CIRCLE('',#1431,0.500000000000007);
#622=CIRCLE('',#1435,0.499999999999972);
#623=CIRCLE('',#1436,0.5);
#624=CIRCLE('',#1437,0.499999999999972);
#625=CIRCLE('',#1439,0.499999999999972);
#626=CIRCLE('',#1442,0.500000000000007);
#627=CIRCLE('',#1444,0.5);
#628=CIRCLE('',#1446,0.500000000000007);
#629=CIRCLE('',#1448,0.500000000000007);
#630=CIRCLE('',#1451,0.5);
#631=CIRCLE('',#1453,0.500000000000019);
#632=CIRCLE('',#1455,0.500000000000019);
#633=CIRCLE('',#1457,0.5);
#634=CIRCLE('',#1461,0.5);
#635=CIRCLE('',#1465,0.499999999999972);
#636=CIRCLE('',#1467,0.5);
#637=VERTEX_POINT('',#1878);
#638=VERTEX_POINT('',#1879);
#639=VERTEX_POINT('',#1881);
#640=VERTEX_POINT('',#1885);
#641=VERTEX_POINT('',#1887);
#642=VERTEX_POINT('',#1891);
#643=VERTEX_POINT('',#1892);
#644=VERTEX_POINT('',#1894);
#645=VERTEX_POINT('',#1898);
#646=VERTEX_POINT('',#1899);
#647=VERTEX_POINT('',#1907);
#648=VERTEX_POINT('',#1908);
#649=VERTEX_POINT('',#1913);
#650=VERTEX_POINT('',#1918);
#651=VERTEX_POINT('',#1919);
#652=VERTEX_POINT('',#1924);
#653=VERTEX_POINT('',#1926);
#654=VERTEX_POINT('',#1928);
#655=VERTEX_POINT('',#1932);
#656=VERTEX_POINT('',#1945);
#657=VERTEX_POINT('',#1949);
#658=VERTEX_POINT('',#1954);
#659=VERTEX_POINT('',#1955);
#660=VERTEX_POINT('',#1957);
#661=VERTEX_POINT('',#1959);
#662=VERTEX_POINT('',#1961);
#663=VERTEX_POINT('',#1964);
#664=VERTEX_POINT('',#1965);
#665=VERTEX_POINT('',#1967);
#666=VERTEX_POINT('',#1970);
#667=VERTEX_POINT('',#1971);
#668=VERTEX_POINT('',#1973);
#669=VERTEX_POINT('',#1975);
#670=VERTEX_POINT('',#1977);
#671=VERTEX_POINT('',#1979);
#672=VERTEX_POINT('',#1981);
#673=VERTEX_POINT('',#1984);
#674=VERTEX_POINT('',#1985);
#675=VERTEX_POINT('',#1987);
#676=VERTEX_POINT('',#1990);
#677=VERTEX_POINT('',#1991);
#678=VERTEX_POINT('',#1993);
#679=VERTEX_POINT('',#1996);
#680=VERTEX_POINT('',#1997);
#681=VERTEX_POINT('',#1999);
#682=VERTEX_POINT('',#2001);
#683=VERTEX_POINT('',#2003);
#684=VERTEX_POINT('',#2006);
#685=VERTEX_POINT('',#2007);
#686=VERTEX_POINT('',#2009);
#687=VERTEX_POINT('',#2012);
#688=VERTEX_POINT('',#2013);
#689=VERTEX_POINT('',#2015);
#690=VERTEX_POINT('',#2017);
#691=VERTEX_POINT('',#2019);
#692=VERTEX_POINT('',#2021);
#693=VERTEX_POINT('',#2023);
#694=VERTEX_POINT('',#2025);
#695=VERTEX_POINT('',#2028);
#696=VERTEX_POINT('',#2029);
#697=VERTEX_POINT('',#2031);
#698=VERTEX_POINT('',#2034);
#699=VERTEX_POINT('',#2035);
#700=VERTEX_POINT('',#2037);
#701=VERTEX_POINT('',#2040);
#702=VERTEX_POINT('',#2041);
#703=VERTEX_POINT('',#2043);
#704=VERTEX_POINT('',#2046);
#705=VERTEX_POINT('',#2047);
#706=VERTEX_POINT('',#2049);
#707=VERTEX_POINT('',#2053);
#708=VERTEX_POINT('',#2054);
#709=VERTEX_POINT('',#2056);
#710=VERTEX_POINT('',#2059);
#711=VERTEX_POINT('',#2060);
#712=VERTEX_POINT('',#2062);
#713=VERTEX_POINT('',#2065);
#714=VERTEX_POINT('',#2066);
#715=VERTEX_POINT('',#2068);
#716=VERTEX_POINT('',#2071);
#717=VERTEX_POINT('',#2072);
#718=VERTEX_POINT('',#2074);
#719=VERTEX_POINT('',#2077);
#720=VERTEX_POINT('',#2078);
#721=VERTEX_POINT('',#2080);
#722=VERTEX_POINT('',#2082);
#723=VERTEX_POINT('',#2084);
#724=VERTEX_POINT('',#2086);
#725=VERTEX_POINT('',#2088);
#726=VERTEX_POINT('',#2090);
#727=VERTEX_POINT('',#2093);
#728=VERTEX_POINT('',#2094);
#729=VERTEX_POINT('',#2096);
#730=VERTEX_POINT('',#2099);
#731=VERTEX_POINT('',#2100);
#732=VERTEX_POINT('',#2102);
#733=VERTEX_POINT('',#2104);
#734=VERTEX_POINT('',#2106);
#735=VERTEX_POINT('',#2109);
#736=VERTEX_POINT('',#2110);
#737=VERTEX_POINT('',#2112);
#738=VERTEX_POINT('',#2115);
#739=VERTEX_POINT('',#2116);
#740=VERTEX_POINT('',#2118);
#741=VERTEX_POINT('',#2121);
#742=VERTEX_POINT('',#2122);
#743=VERTEX_POINT('',#2124);
#744=VERTEX_POINT('',#2126);
#745=VERTEX_POINT('',#2128);
#746=VERTEX_POINT('',#2130);
#747=VERTEX_POINT('',#2132);
#748=VERTEX_POINT('',#2135);
#749=VERTEX_POINT('',#2136);
#750=VERTEX_POINT('',#2138);
#751=VERTEX_POINT('',#2141);
#752=VERTEX_POINT('',#2142);
#753=VERTEX_POINT('',#2144);
#754=VERTEX_POINT('',#2146);
#755=VERTEX_POINT('',#2148);
#756=VERTEX_POINT('',#2152);
#757=EDGE_CURVE('',#637,#638,#619,.F.);
#758=EDGE_CURVE('',#639,#637,#620,.F.);
#759=EDGE_CURVE('',#638,#639,#621,.F.);
#760=EDGE_CURVE('',#640,#639,#100,.T.);
#761=EDGE_CURVE('',#637,#641,#101,.T.);
#762=EDGE_CURVE('',#641,#640,#98,.T.);
#763=EDGE_CURVE('',#642,#643,#622,.F.);
#764=EDGE_CURVE('',#644,#642,#623,.F.);
#765=EDGE_CURVE('',#643,#644,#624,.F.);
#766=EDGE_CURVE('',#645,#646,#625,.T.);
#767=EDGE_CURVE('',#646,#644,#102,.T.);
#768=EDGE_CURVE('',#642,#645,#103,.T.);
#769=EDGE_CURVE('',#641,#643,#104,.T.);
#770=EDGE_CURVE('',#644,#640,#105,.T.);
#771=EDGE_CURVE('',#647,#648,#626,.T.);
#772=EDGE_CURVE('',#648,#642,#106,.T.);
#773=EDGE_CURVE('',#643,#647,#107,.T.);
#774=EDGE_CURVE('',#646,#649,#627,.T.);
#775=EDGE_CURVE('',#649,#638,#108,.T.);
#776=EDGE_CURVE('',#639,#646,#109,.T.);
#777=EDGE_CURVE('',#650,#651,#628,.T.);
#778=EDGE_CURVE('',#651,#637,#110,.T.);
#779=EDGE_CURVE('',#638,#650,#111,.T.);
#780=EDGE_CURVE('',#652,#651,#112,.T.);
#781=EDGE_CURVE('',#651,#653,#629,.T.);
#782=EDGE_CURVE('',#653,#654,#113,.T.);
#783=EDGE_CURVE('',#654,#652,#99,.T.);
#784=EDGE_CURVE('',#654,#655,#114,.T.);
#785=EDGE_CURVE('',#655,#647,#630,.T.);
#786=EDGE_CURVE('',#647,#652,#115,.T.);
#787=EDGE_CURVE('',#655,#648,#631,.T.);
#788=EDGE_CURVE('',#645,#649,#632,.T.);
#789=EDGE_CURVE('',#650,#653,#633,.T.);
#790=EDGE_CURVE('',#641,#652,#116,.T.);
#791=EDGE_CURVE('',#656,#648,#117,.T.);
#792=EDGE_CURVE('',#645,#656,#118,.T.);
#793=EDGE_CURVE('',#655,#657,#119,.T.);
#794=EDGE_CURVE('',#657,#656,#634,.T.);
#795=EDGE_CURVE('',#657,#653,#120,.T.);
#796=EDGE_CURVE('',#658,#659,#121,.T.);
#797=EDGE_CURVE('',#659,#660,#122,.T.);
#798=EDGE_CURVE('',#660,#661,#123,.T.);
#799=EDGE_CURVE('',#661,#662,#124,.T.);
#800=EDGE_CURVE('',#662,#658,#125,.T.);
#801=EDGE_CURVE('',#663,#664,#126,.T.);
#802=EDGE_CURVE('',#664,#665,#127,.T.);
#803=EDGE_CURVE('',#665,#663,#128,.T.);
#804=EDGE_CURVE('',#666,#667,#129,.T.);
#805=EDGE_CURVE('',#667,#668,#130,.T.);
#806=EDGE_CURVE('',#668,#669,#131,.T.);
#807=EDGE_CURVE('',#669,#670,#132,.T.);
#808=EDGE_CURVE('',#670,#671,#133,.T.);
#809=EDGE_CURVE('',#671,#672,#134,.T.);
#810=EDGE_CURVE('',#672,#666,#135,.T.);
#811=EDGE_CURVE('',#673,#674,#136,.T.);
#812=EDGE_CURVE('',#674,#675,#137,.T.);
#813=EDGE_CURVE('',#675,#673,#138,.T.);
#814=EDGE_CURVE('',#676,#677,#139,.T.);
#815=EDGE_CURVE('',#677,#678,#140,.T.);
#816=EDGE_CURVE('',#678,#676,#141,.T.);
#817=EDGE_CURVE('',#679,#680,#142,.T.);
#818=EDGE_CURVE('',#680,#681,#143,.T.);
#819=EDGE_CURVE('',#681,#682,#144,.T.);
#820=EDGE_CURVE('',#682,#683,#145,.T.);
#821=EDGE_CURVE('',#683,#679,#146,.T.);
#822=EDGE_CURVE('',#684,#685,#147,.T.);
#823=EDGE_CURVE('',#685,#686,#148,.T.);
#824=EDGE_CURVE('',#686,#684,#149,.T.);
#825=EDGE_CURVE('',#687,#688,#150,.T.);
#826=EDGE_CURVE('',#688,#689,#151,.T.);
#827=EDGE_CURVE('',#689,#690,#152,.T.);
#828=EDGE_CURVE('',#690,#691,#153,.T.);
#829=EDGE_CURVE('',#691,#692,#154,.T.);
#830=EDGE_CURVE('',#692,#693,#155,.T.);
#831=EDGE_CURVE('',#693,#694,#156,.T.);
#832=EDGE_CURVE('',#694,#687,#157,.T.);
#833=EDGE_CURVE('',#695,#696,#158,.T.);
#834=EDGE_CURVE('',#696,#697,#159,.T.);
#835=EDGE_CURVE('',#697,#695,#160,.T.);
#836=EDGE_CURVE('',#698,#699,#161,.T.);
#837=EDGE_CURVE('',#699,#700,#162,.T.);
#838=EDGE_CURVE('',#700,#698,#163,.T.);
#839=EDGE_CURVE('',#701,#702,#164,.T.);
#840=EDGE_CURVE('',#702,#703,#165,.T.);
#841=EDGE_CURVE('',#703,#701,#166,.T.);
#842=EDGE_CURVE('',#704,#705,#167,.T.);
#843=EDGE_CURVE('',#705,#706,#168,.T.);
#844=EDGE_CURVE('',#706,#704,#169,.T.);
#845=EDGE_CURVE('',#707,#708,#170,.T.);
#846=EDGE_CURVE('',#709,#707,#171,.T.);
#847=EDGE_CURVE('',#708,#709,#172,.T.);
#848=EDGE_CURVE('',#710,#711,#173,.T.);
#849=EDGE_CURVE('',#712,#710,#174,.T.);
#850=EDGE_CURVE('',#711,#712,#175,.T.);
#851=EDGE_CURVE('',#713,#714,#176,.T.);
#852=EDGE_CURVE('',#715,#713,#177,.T.);
#853=EDGE_CURVE('',#714,#715,#178,.T.);
#854=EDGE_CURVE('',#716,#717,#179,.T.);
#855=EDGE_CURVE('',#718,#716,#180,.T.);
#856=EDGE_CURVE('',#717,#718,#181,.T.);
#857=EDGE_CURVE('',#719,#720,#182,.T.);
#858=EDGE_CURVE('',#721,#719,#183,.T.);
#859=EDGE_CURVE('',#722,#721,#184,.T.);
#860=EDGE_CURVE('',#723,#722,#185,.T.);
#861=EDGE_CURVE('',#724,#723,#186,.T.);
#862=EDGE_CURVE('',#725,#724,#187,.T.);
#863=EDGE_CURVE('',#726,#725,#188,.T.);
#864=EDGE_CURVE('',#720,#726,#189,.T.);
#865=EDGE_CURVE('',#727,#728,#190,.T.);
#866=EDGE_CURVE('',#729,#727,#191,.T.);
#867=EDGE_CURVE('',#728,#729,#192,.T.);
#868=EDGE_CURVE('',#730,#731,#193,.T.);
#869=EDGE_CURVE('',#732,#730,#194,.T.);
#870=EDGE_CURVE('',#733,#732,#195,.T.);
#871=EDGE_CURVE('',#734,#733,#196,.T.);
#872=EDGE_CURVE('',#731,#734,#197,.T.);
#873=EDGE_CURVE('',#735,#736,#198,.T.);
#874=EDGE_CURVE('',#737,#735,#199,.T.);
#875=EDGE_CURVE('',#736,#737,#200,.T.);
#876=EDGE_CURVE('',#738,#739,#201,.T.);
#877=EDGE_CURVE('',#740,#738,#202,.T.);
#878=EDGE_CURVE('',#739,#740,#203,.T.);
#879=EDGE_CURVE('',#741,#742,#204,.T.);
#880=EDGE_CURVE('',#743,#741,#205,.T.);
#881=EDGE_CURVE('',#744,#743,#206,.T.);
#882=EDGE_CURVE('',#745,#744,#207,.T.);
#883=EDGE_CURVE('',#746,#745,#208,.T.);
#884=EDGE_CURVE('',#747,#746,#209,.T.);
#885=EDGE_CURVE('',#742,#747,#210,.T.);
#886=EDGE_CURVE('',#748,#749,#211,.T.);
#887=EDGE_CURVE('',#750,#748,#212,.T.);
#888=EDGE_CURVE('',#749,#750,#213,.T.);
#889=EDGE_CURVE('',#751,#752,#214,.T.);
#890=EDGE_CURVE('',#753,#751,#215,.T.);
#891=EDGE_CURVE('',#754,#753,#216,.T.);
#892=EDGE_CURVE('',#755,#754,#217,.T.);
#893=EDGE_CURVE('',#752,#755,#218,.T.);
#894=EDGE_CURVE('',#656,#756,#635,.T.);
#895=EDGE_CURVE('',#756,#649,#219,.T.);
#896=EDGE_CURVE('',#657,#756,#636,.T.);
#897=EDGE_CURVE('',#650,#756,#220,.T.);
#898=EDGE_CURVE('',#751,#658,#221,.T.);
#899=EDGE_CURVE('',#753,#662,#222,.T.);
#900=EDGE_CURVE('',#754,#661,#223,.T.);
#901=EDGE_CURVE('',#755,#660,#224,.T.);
#902=EDGE_CURVE('',#752,#659,#225,.T.);
#903=EDGE_CURVE('',#748,#663,#226,.T.);
#904=EDGE_CURVE('',#750,#665,#227,.T.);
#905=EDGE_CURVE('',#749,#664,#228,.T.);
#906=EDGE_CURVE('',#741,#666,#229,.T.);
#907=EDGE_CURVE('',#743,#672,#230,.T.);
#908=EDGE_CURVE('',#744,#671,#231,.T.);
#909=EDGE_CURVE('',#745,#670,#232,.T.);
#910=EDGE_CURVE('',#746,#669,#233,.T.);
#911=EDGE_CURVE('',#747,#668,#234,.T.);
#912=EDGE_CURVE('',#742,#667,#235,.T.);
#913=EDGE_CURVE('',#738,#673,#236,.T.);
#914=EDGE_CURVE('',#740,#675,#237,.T.);
#915=EDGE_CURVE('',#739,#674,#238,.T.);
#916=EDGE_CURVE('',#735,#676,#239,.T.);
#917=EDGE_CURVE('',#737,#678,#240,.T.);
#918=EDGE_CURVE('',#736,#677,#241,.T.);
#919=EDGE_CURVE('',#730,#679,#242,.T.);
#920=EDGE_CURVE('',#732,#683,#243,.T.);
#921=EDGE_CURVE('',#733,#682,#244,.T.);
#922=EDGE_CURVE('',#734,#681,#245,.T.);
#923=EDGE_CURVE('',#731,#680,#246,.T.);
#924=EDGE_CURVE('',#727,#684,#247,.T.);
#925=EDGE_CURVE('',#729,#686,#248,.T.);
#926=EDGE_CURVE('',#728,#685,#249,.T.);
#927=EDGE_CURVE('',#719,#687,#250,.T.);
#928=EDGE_CURVE('',#721,#694,#251,.T.);
#929=EDGE_CURVE('',#722,#693,#252,.T.);
#930=EDGE_CURVE('',#723,#692,#253,.T.);
#931=EDGE_CURVE('',#724,#691,#254,.T.);
#932=EDGE_CURVE('',#725,#690,#255,.T.);
#933=EDGE_CURVE('',#726,#689,#256,.T.);
#934=EDGE_CURVE('',#720,#688,#257,.T.);
#935=EDGE_CURVE('',#716,#695,#258,.T.);
#936=EDGE_CURVE('',#718,#697,#259,.T.);
#937=EDGE_CURVE('',#717,#696,#260,.T.);
#938=EDGE_CURVE('',#713,#698,#261,.T.);
#939=EDGE_CURVE('',#715,#700,#262,.T.);
#940=EDGE_CURVE('',#714,#699,#263,.T.);
#941=EDGE_CURVE('',#710,#701,#264,.T.);
#942=EDGE_CURVE('',#712,#703,#265,.T.);
#943=EDGE_CURVE('',#711,#702,#266,.T.);
#944=EDGE_CURVE('',#707,#704,#267,.T.);
#945=EDGE_CURVE('',#709,#706,#268,.T.);
#946=EDGE_CURVE('',#708,#705,#269,.T.);
#947=ORIENTED_EDGE('',*,*,#757,.F.);
#948=ORIENTED_EDGE('',*,*,#758,.F.);
#949=ORIENTED_EDGE('',*,*,#759,.F.);
#950=ORIENTED_EDGE('',*,*,#760,.T.);
#951=ORIENTED_EDGE('',*,*,#758,.T.);
#952=ORIENTED_EDGE('',*,*,#761,.T.);
#953=ORIENTED_EDGE('',*,*,#762,.T.);
#954=ORIENTED_EDGE('',*,*,#763,.F.);
#955=ORIENTED_EDGE('',*,*,#764,.F.);
#956=ORIENTED_EDGE('',*,*,#765,.F.);
#957=ORIENTED_EDGE('',*,*,#766,.T.);
#958=ORIENTED_EDGE('',*,*,#767,.T.);
#959=ORIENTED_EDGE('',*,*,#764,.T.);
#960=ORIENTED_EDGE('',*,*,#768,.T.);
#961=ORIENTED_EDGE('',*,*,#769,.T.);
#962=ORIENTED_EDGE('',*,*,#765,.T.);
#963=ORIENTED_EDGE('',*,*,#770,.T.);
#964=ORIENTED_EDGE('',*,*,#762,.F.);
#965=ORIENTED_EDGE('',*,*,#771,.T.);
#966=ORIENTED_EDGE('',*,*,#772,.T.);
#967=ORIENTED_EDGE('',*,*,#763,.T.);
#968=ORIENTED_EDGE('',*,*,#773,.T.);
#969=ORIENTED_EDGE('',*,*,#774,.T.);
#970=ORIENTED_EDGE('',*,*,#775,.T.);
#971=ORIENTED_EDGE('',*,*,#759,.T.);
#972=ORIENTED_EDGE('',*,*,#776,.T.);
#973=ORIENTED_EDGE('',*,*,#777,.T.);
#974=ORIENTED_EDGE('',*,*,#778,.T.);
#975=ORIENTED_EDGE('',*,*,#757,.T.);
#976=ORIENTED_EDGE('',*,*,#779,.T.);
#977=ORIENTED_EDGE('',*,*,#780,.T.);
#978=ORIENTED_EDGE('',*,*,#781,.T.);
#979=ORIENTED_EDGE('',*,*,#782,.T.);
#980=ORIENTED_EDGE('',*,*,#783,.T.);
#981=ORIENTED_EDGE('',*,*,#784,.T.);
#982=ORIENTED_EDGE('',*,*,#785,.T.);
#983=ORIENTED_EDGE('',*,*,#786,.T.);
#984=ORIENTED_EDGE('',*,*,#783,.F.);
#985=ORIENTED_EDGE('',*,*,#785,.F.);
#986=ORIENTED_EDGE('',*,*,#787,.T.);
#987=ORIENTED_EDGE('',*,*,#771,.F.);
#988=ORIENTED_EDGE('',*,*,#766,.F.);
#989=ORIENTED_EDGE('',*,*,#788,.T.);
#990=ORIENTED_EDGE('',*,*,#774,.F.);
#991=ORIENTED_EDGE('',*,*,#777,.F.);
#992=ORIENTED_EDGE('',*,*,#789,.T.);
#993=ORIENTED_EDGE('',*,*,#781,.F.);
#994=ORIENTED_EDGE('',*,*,#786,.F.);
#995=ORIENTED_EDGE('',*,*,#773,.F.);
#996=ORIENTED_EDGE('',*,*,#769,.F.);
#997=ORIENTED_EDGE('',*,*,#790,.T.);
#998=ORIENTED_EDGE('',*,*,#768,.F.);
#999=ORIENTED_EDGE('',*,*,#772,.F.);
#1000=ORIENTED_EDGE('',*,*,#791,.F.);
#1001=ORIENTED_EDGE('',*,*,#792,.F.);
#1002=ORIENTED_EDGE('',*,*,#787,.F.);
#1003=ORIENTED_EDGE('',*,*,#793,.T.);
#1004=ORIENTED_EDGE('',*,*,#794,.T.);
#1005=ORIENTED_EDGE('',*,*,#791,.T.);
#1006=ORIENTED_EDGE('',*,*,#784,.F.);
#1007=ORIENTED_EDGE('',*,*,#782,.F.);
#1008=ORIENTED_EDGE('',*,*,#795,.F.);
#1009=ORIENTED_EDGE('',*,*,#793,.F.);
#1010=ORIENTED_EDGE('',*,*,#796,.T.);
#1011=ORIENTED_EDGE('',*,*,#797,.T.);
#1012=ORIENTED_EDGE('',*,*,#798,.T.);
#1013=ORIENTED_EDGE('',*,*,#799,.T.);
#1014=ORIENTED_EDGE('',*,*,#800,.T.);
#1015=ORIENTED_EDGE('',*,*,#801,.T.);
#1016=ORIENTED_EDGE('',*,*,#802,.T.);
#1017=ORIENTED_EDGE('',*,*,#803,.T.);
#1018=ORIENTED_EDGE('',*,*,#804,.T.);
#1019=ORIENTED_EDGE('',*,*,#805,.T.);
#1020=ORIENTED_EDGE('',*,*,#806,.T.);
#1021=ORIENTED_EDGE('',*,*,#807,.T.);
#1022=ORIENTED_EDGE('',*,*,#808,.T.);
#1023=ORIENTED_EDGE('',*,*,#809,.T.);
#1024=ORIENTED_EDGE('',*,*,#810,.T.);
#1025=ORIENTED_EDGE('',*,*,#811,.T.);
#1026=ORIENTED_EDGE('',*,*,#812,.T.);
#1027=ORIENTED_EDGE('',*,*,#813,.T.);
#1028=ORIENTED_EDGE('',*,*,#814,.T.);
#1029=ORIENTED_EDGE('',*,*,#815,.T.);
#1030=ORIENTED_EDGE('',*,*,#816,.T.);
#1031=ORIENTED_EDGE('',*,*,#817,.T.);
#1032=ORIENTED_EDGE('',*,*,#818,.T.);
#1033=ORIENTED_EDGE('',*,*,#819,.T.);
#1034=ORIENTED_EDGE('',*,*,#820,.T.);
#1035=ORIENTED_EDGE('',*,*,#821,.T.);
#1036=ORIENTED_EDGE('',*,*,#822,.T.);
#1037=ORIENTED_EDGE('',*,*,#823,.T.);
#1038=ORIENTED_EDGE('',*,*,#824,.T.);
#1039=ORIENTED_EDGE('',*,*,#825,.T.);
#1040=ORIENTED_EDGE('',*,*,#826,.T.);
#1041=ORIENTED_EDGE('',*,*,#827,.T.);
#1042=ORIENTED_EDGE('',*,*,#828,.T.);
#1043=ORIENTED_EDGE('',*,*,#829,.T.);
#1044=ORIENTED_EDGE('',*,*,#830,.T.);
#1045=ORIENTED_EDGE('',*,*,#831,.T.);
#1046=ORIENTED_EDGE('',*,*,#832,.T.);
#1047=ORIENTED_EDGE('',*,*,#833,.T.);
#1048=ORIENTED_EDGE('',*,*,#834,.T.);
#1049=ORIENTED_EDGE('',*,*,#835,.T.);
#1050=ORIENTED_EDGE('',*,*,#836,.T.);
#1051=ORIENTED_EDGE('',*,*,#837,.T.);
#1052=ORIENTED_EDGE('',*,*,#838,.T.);
#1053=ORIENTED_EDGE('',*,*,#839,.T.);
#1054=ORIENTED_EDGE('',*,*,#840,.T.);
#1055=ORIENTED_EDGE('',*,*,#841,.T.);
#1056=ORIENTED_EDGE('',*,*,#842,.T.);
#1057=ORIENTED_EDGE('',*,*,#843,.T.);
#1058=ORIENTED_EDGE('',*,*,#844,.T.);
#1059=ORIENTED_EDGE('',*,*,#767,.F.);
#1060=ORIENTED_EDGE('',*,*,#776,.F.);
#1061=ORIENTED_EDGE('',*,*,#760,.F.);
#1062=ORIENTED_EDGE('',*,*,#770,.F.);
#1063=ORIENTED_EDGE('',*,*,#845,.F.);
#1064=ORIENTED_EDGE('',*,*,#846,.F.);
#1065=ORIENTED_EDGE('',*,*,#847,.F.);
#1066=ORIENTED_EDGE('',*,*,#848,.F.);
#1067=ORIENTED_EDGE('',*,*,#849,.F.);
#1068=ORIENTED_EDGE('',*,*,#850,.F.);
#1069=ORIENTED_EDGE('',*,*,#851,.F.);
#1070=ORIENTED_EDGE('',*,*,#852,.F.);
#1071=ORIENTED_EDGE('',*,*,#853,.F.);
#1072=ORIENTED_EDGE('',*,*,#854,.F.);
#1073=ORIENTED_EDGE('',*,*,#855,.F.);
#1074=ORIENTED_EDGE('',*,*,#856,.F.);
#1075=ORIENTED_EDGE('',*,*,#857,.F.);
#1076=ORIENTED_EDGE('',*,*,#858,.F.);
#1077=ORIENTED_EDGE('',*,*,#859,.F.);
#1078=ORIENTED_EDGE('',*,*,#860,.F.);
#1079=ORIENTED_EDGE('',*,*,#861,.F.);
#1080=ORIENTED_EDGE('',*,*,#862,.F.);
#1081=ORIENTED_EDGE('',*,*,#863,.F.);
#1082=ORIENTED_EDGE('',*,*,#864,.F.);
#1083=ORIENTED_EDGE('',*,*,#865,.F.);
#1084=ORIENTED_EDGE('',*,*,#866,.F.);
#1085=ORIENTED_EDGE('',*,*,#867,.F.);
#1086=ORIENTED_EDGE('',*,*,#868,.F.);
#1087=ORIENTED_EDGE('',*,*,#869,.F.);
#1088=ORIENTED_EDGE('',*,*,#870,.F.);
#1089=ORIENTED_EDGE('',*,*,#871,.F.);
#1090=ORIENTED_EDGE('',*,*,#872,.F.);
#1091=ORIENTED_EDGE('',*,*,#873,.F.);
#1092=ORIENTED_EDGE('',*,*,#874,.F.);
#1093=ORIENTED_EDGE('',*,*,#875,.F.);
#1094=ORIENTED_EDGE('',*,*,#876,.F.);
#1095=ORIENTED_EDGE('',*,*,#877,.F.);
#1096=ORIENTED_EDGE('',*,*,#878,.F.);
#1097=ORIENTED_EDGE('',*,*,#879,.F.);
#1098=ORIENTED_EDGE('',*,*,#880,.F.);
#1099=ORIENTED_EDGE('',*,*,#881,.F.);
#1100=ORIENTED_EDGE('',*,*,#882,.F.);
#1101=ORIENTED_EDGE('',*,*,#883,.F.);
#1102=ORIENTED_EDGE('',*,*,#884,.F.);
#1103=ORIENTED_EDGE('',*,*,#885,.F.);
#1104=ORIENTED_EDGE('',*,*,#886,.F.);
#1105=ORIENTED_EDGE('',*,*,#887,.F.);
#1106=ORIENTED_EDGE('',*,*,#888,.F.);
#1107=ORIENTED_EDGE('',*,*,#889,.F.);
#1108=ORIENTED_EDGE('',*,*,#890,.F.);
#1109=ORIENTED_EDGE('',*,*,#891,.F.);
#1110=ORIENTED_EDGE('',*,*,#892,.F.);
#1111=ORIENTED_EDGE('',*,*,#893,.F.);
#1112=ORIENTED_EDGE('',*,*,#788,.F.);
#1113=ORIENTED_EDGE('',*,*,#792,.T.);
#1114=ORIENTED_EDGE('',*,*,#894,.T.);
#1115=ORIENTED_EDGE('',*,*,#895,.T.);
#1116=ORIENTED_EDGE('',*,*,#794,.F.);
#1117=ORIENTED_EDGE('',*,*,#896,.T.);
#1118=ORIENTED_EDGE('',*,*,#894,.F.);
#1119=ORIENTED_EDGE('',*,*,#775,.F.);
#1120=ORIENTED_EDGE('',*,*,#895,.F.);
#1121=ORIENTED_EDGE('',*,*,#897,.F.);
#1122=ORIENTED_EDGE('',*,*,#779,.F.);
#1123=ORIENTED_EDGE('',*,*,#789,.F.);
#1124=ORIENTED_EDGE('',*,*,#897,.T.);
#1125=ORIENTED_EDGE('',*,*,#896,.F.);
#1126=ORIENTED_EDGE('',*,*,#795,.T.);
#1127=ORIENTED_EDGE('',*,*,#890,.T.);
#1128=ORIENTED_EDGE('',*,*,#898,.T.);
#1129=ORIENTED_EDGE('',*,*,#800,.F.);
#1130=ORIENTED_EDGE('',*,*,#899,.F.);
#1131=ORIENTED_EDGE('',*,*,#891,.T.);
#1132=ORIENTED_EDGE('',*,*,#899,.T.);
#1133=ORIENTED_EDGE('',*,*,#799,.F.);
#1134=ORIENTED_EDGE('',*,*,#900,.F.);
#1135=ORIENTED_EDGE('',*,*,#892,.T.);
#1136=ORIENTED_EDGE('',*,*,#900,.T.);
#1137=ORIENTED_EDGE('',*,*,#798,.F.);
#1138=ORIENTED_EDGE('',*,*,#901,.F.);
#1139=ORIENTED_EDGE('',*,*,#893,.T.);
#1140=ORIENTED_EDGE('',*,*,#901,.T.);
#1141=ORIENTED_EDGE('',*,*,#797,.F.);
#1142=ORIENTED_EDGE('',*,*,#902,.F.);
#1143=ORIENTED_EDGE('',*,*,#889,.T.);
#1144=ORIENTED_EDGE('',*,*,#902,.T.);
#1145=ORIENTED_EDGE('',*,*,#796,.F.);
#1146=ORIENTED_EDGE('',*,*,#898,.F.);
#1147=ORIENTED_EDGE('',*,*,#887,.T.);
#1148=ORIENTED_EDGE('',*,*,#903,.T.);
#1149=ORIENTED_EDGE('',*,*,#803,.F.);
#1150=ORIENTED_EDGE('',*,*,#904,.F.);
#1151=ORIENTED_EDGE('',*,*,#888,.T.);
#1152=ORIENTED_EDGE('',*,*,#904,.T.);
#1153=ORIENTED_EDGE('',*,*,#802,.F.);
#1154=ORIENTED_EDGE('',*,*,#905,.F.);
#1155=ORIENTED_EDGE('',*,*,#886,.T.);
#1156=ORIENTED_EDGE('',*,*,#905,.T.);
#1157=ORIENTED_EDGE('',*,*,#801,.F.);
#1158=ORIENTED_EDGE('',*,*,#903,.F.);
#1159=ORIENTED_EDGE('',*,*,#880,.T.);
#1160=ORIENTED_EDGE('',*,*,#906,.T.);
#1161=ORIENTED_EDGE('',*,*,#810,.F.);
#1162=ORIENTED_EDGE('',*,*,#907,.F.);
#1163=ORIENTED_EDGE('',*,*,#881,.T.);
#1164=ORIENTED_EDGE('',*,*,#907,.T.);
#1165=ORIENTED_EDGE('',*,*,#809,.F.);
#1166=ORIENTED_EDGE('',*,*,#908,.F.);
#1167=ORIENTED_EDGE('',*,*,#882,.T.);
#1168=ORIENTED_EDGE('',*,*,#908,.T.);
#1169=ORIENTED_EDGE('',*,*,#808,.F.);
#1170=ORIENTED_EDGE('',*,*,#909,.F.);
#1171=ORIENTED_EDGE('',*,*,#883,.T.);
#1172=ORIENTED_EDGE('',*,*,#909,.T.);
#1173=ORIENTED_EDGE('',*,*,#807,.F.);
#1174=ORIENTED_EDGE('',*,*,#910,.F.);
#1175=ORIENTED_EDGE('',*,*,#884,.T.);
#1176=ORIENTED_EDGE('',*,*,#910,.T.);
#1177=ORIENTED_EDGE('',*,*,#806,.F.);
#1178=ORIENTED_EDGE('',*,*,#911,.F.);
#1179=ORIENTED_EDGE('',*,*,#885,.T.);
#1180=ORIENTED_EDGE('',*,*,#911,.T.);
#1181=ORIENTED_EDGE('',*,*,#805,.F.);
#1182=ORIENTED_EDGE('',*,*,#912,.F.);
#1183=ORIENTED_EDGE('',*,*,#879,.T.);
#1184=ORIENTED_EDGE('',*,*,#912,.T.);
#1185=ORIENTED_EDGE('',*,*,#804,.F.);
#1186=ORIENTED_EDGE('',*,*,#906,.F.);
#1187=ORIENTED_EDGE('',*,*,#877,.T.);
#1188=ORIENTED_EDGE('',*,*,#913,.T.);
#1189=ORIENTED_EDGE('',*,*,#813,.F.);
#1190=ORIENTED_EDGE('',*,*,#914,.F.);
#1191=ORIENTED_EDGE('',*,*,#878,.T.);
#1192=ORIENTED_EDGE('',*,*,#914,.T.);
#1193=ORIENTED_EDGE('',*,*,#812,.F.);
#1194=ORIENTED_EDGE('',*,*,#915,.F.);
#1195=ORIENTED_EDGE('',*,*,#876,.T.);
#1196=ORIENTED_EDGE('',*,*,#915,.T.);
#1197=ORIENTED_EDGE('',*,*,#811,.F.);
#1198=ORIENTED_EDGE('',*,*,#913,.F.);
#1199=ORIENTED_EDGE('',*,*,#874,.T.);
#1200=ORIENTED_EDGE('',*,*,#916,.T.);
#1201=ORIENTED_EDGE('',*,*,#816,.F.);
#1202=ORIENTED_EDGE('',*,*,#917,.F.);
#1203=ORIENTED_EDGE('',*,*,#875,.T.);
#1204=ORIENTED_EDGE('',*,*,#917,.T.);
#1205=ORIENTED_EDGE('',*,*,#815,.F.);
#1206=ORIENTED_EDGE('',*,*,#918,.F.);
#1207=ORIENTED_EDGE('',*,*,#873,.T.);
#1208=ORIENTED_EDGE('',*,*,#918,.T.);
#1209=ORIENTED_EDGE('',*,*,#814,.F.);
#1210=ORIENTED_EDGE('',*,*,#916,.F.);
#1211=ORIENTED_EDGE('',*,*,#869,.T.);
#1212=ORIENTED_EDGE('',*,*,#919,.T.);
#1213=ORIENTED_EDGE('',*,*,#821,.F.);
#1214=ORIENTED_EDGE('',*,*,#920,.F.);
#1215=ORIENTED_EDGE('',*,*,#870,.T.);
#1216=ORIENTED_EDGE('',*,*,#920,.T.);
#1217=ORIENTED_EDGE('',*,*,#820,.F.);
#1218=ORIENTED_EDGE('',*,*,#921,.F.);
#1219=ORIENTED_EDGE('',*,*,#871,.T.);
#1220=ORIENTED_EDGE('',*,*,#921,.T.);
#1221=ORIENTED_EDGE('',*,*,#819,.F.);
#1222=ORIENTED_EDGE('',*,*,#922,.F.);
#1223=ORIENTED_EDGE('',*,*,#872,.T.);
#1224=ORIENTED_EDGE('',*,*,#922,.T.);
#1225=ORIENTED_EDGE('',*,*,#818,.F.);
#1226=ORIENTED_EDGE('',*,*,#923,.F.);
#1227=ORIENTED_EDGE('',*,*,#868,.T.);
#1228=ORIENTED_EDGE('',*,*,#923,.T.);
#1229=ORIENTED_EDGE('',*,*,#817,.F.);
#1230=ORIENTED_EDGE('',*,*,#919,.F.);
#1231=ORIENTED_EDGE('',*,*,#866,.T.);
#1232=ORIENTED_EDGE('',*,*,#924,.T.);
#1233=ORIENTED_EDGE('',*,*,#824,.F.);
#1234=ORIENTED_EDGE('',*,*,#925,.F.);
#1235=ORIENTED_EDGE('',*,*,#867,.T.);
#1236=ORIENTED_EDGE('',*,*,#925,.T.);
#1237=ORIENTED_EDGE('',*,*,#823,.F.);
#1238=ORIENTED_EDGE('',*,*,#926,.F.);
#1239=ORIENTED_EDGE('',*,*,#865,.T.);
#1240=ORIENTED_EDGE('',*,*,#926,.T.);
#1241=ORIENTED_EDGE('',*,*,#822,.F.);
#1242=ORIENTED_EDGE('',*,*,#924,.F.);
#1243=ORIENTED_EDGE('',*,*,#858,.T.);
#1244=ORIENTED_EDGE('',*,*,#927,.T.);
#1245=ORIENTED_EDGE('',*,*,#832,.F.);
#1246=ORIENTED_EDGE('',*,*,#928,.F.);
#1247=ORIENTED_EDGE('',*,*,#859,.T.);
#1248=ORIENTED_EDGE('',*,*,#928,.T.);
#1249=ORIENTED_EDGE('',*,*,#831,.F.);
#1250=ORIENTED_EDGE('',*,*,#929,.F.);
#1251=ORIENTED_EDGE('',*,*,#860,.T.);
#1252=ORIENTED_EDGE('',*,*,#929,.T.);
#1253=ORIENTED_EDGE('',*,*,#830,.F.);
#1254=ORIENTED_EDGE('',*,*,#930,.F.);
#1255=ORIENTED_EDGE('',*,*,#861,.T.);
#1256=ORIENTED_EDGE('',*,*,#930,.T.);
#1257=ORIENTED_EDGE('',*,*,#829,.F.);
#1258=ORIENTED_EDGE('',*,*,#931,.F.);
#1259=ORIENTED_EDGE('',*,*,#862,.T.);
#1260=ORIENTED_EDGE('',*,*,#931,.T.);
#1261=ORIENTED_EDGE('',*,*,#828,.F.);
#1262=ORIENTED_EDGE('',*,*,#932,.F.);
#1263=ORIENTED_EDGE('',*,*,#863,.T.);
#1264=ORIENTED_EDGE('',*,*,#932,.T.);
#1265=ORIENTED_EDGE('',*,*,#827,.F.);
#1266=ORIENTED_EDGE('',*,*,#933,.F.);
#1267=ORIENTED_EDGE('',*,*,#864,.T.);
#1268=ORIENTED_EDGE('',*,*,#933,.T.);
#1269=ORIENTED_EDGE('',*,*,#826,.F.);
#1270=ORIENTED_EDGE('',*,*,#934,.F.);
#1271=ORIENTED_EDGE('',*,*,#857,.T.);
#1272=ORIENTED_EDGE('',*,*,#934,.T.);
#1273=ORIENTED_EDGE('',*,*,#825,.F.);
#1274=ORIENTED_EDGE('',*,*,#927,.F.);
#1275=ORIENTED_EDGE('',*,*,#855,.T.);
#1276=ORIENTED_EDGE('',*,*,#935,.T.);
#1277=ORIENTED_EDGE('',*,*,#835,.F.);
#1278=ORIENTED_EDGE('',*,*,#936,.F.);
#1279=ORIENTED_EDGE('',*,*,#856,.T.);
#1280=ORIENTED_EDGE('',*,*,#936,.T.);
#1281=ORIENTED_EDGE('',*,*,#834,.F.);
#1282=ORIENTED_EDGE('',*,*,#937,.F.);
#1283=ORIENTED_EDGE('',*,*,#854,.T.);
#1284=ORIENTED_EDGE('',*,*,#937,.T.);
#1285=ORIENTED_EDGE('',*,*,#833,.F.);
#1286=ORIENTED_EDGE('',*,*,#935,.F.);
#1287=ORIENTED_EDGE('',*,*,#852,.T.);
#1288=ORIENTED_EDGE('',*,*,#938,.T.);
#1289=ORIENTED_EDGE('',*,*,#838,.F.);
#1290=ORIENTED_EDGE('',*,*,#939,.F.);
#1291=ORIENTED_EDGE('',*,*,#853,.T.);
#1292=ORIENTED_EDGE('',*,*,#939,.T.);
#1293=ORIENTED_EDGE('',*,*,#837,.F.);
#1294=ORIENTED_EDGE('',*,*,#940,.F.);
#1295=ORIENTED_EDGE('',*,*,#851,.T.);
#1296=ORIENTED_EDGE('',*,*,#940,.T.);
#1297=ORIENTED_EDGE('',*,*,#836,.F.);
#1298=ORIENTED_EDGE('',*,*,#938,.F.);
#1299=ORIENTED_EDGE('',*,*,#849,.T.);
#1300=ORIENTED_EDGE('',*,*,#941,.T.);
#1301=ORIENTED_EDGE('',*,*,#841,.F.);
#1302=ORIENTED_EDGE('',*,*,#942,.F.);
#1303=ORIENTED_EDGE('',*,*,#850,.T.);
#1304=ORIENTED_EDGE('',*,*,#942,.T.);
#1305=ORIENTED_EDGE('',*,*,#840,.F.);
#1306=ORIENTED_EDGE('',*,*,#943,.F.);
#1307=ORIENTED_EDGE('',*,*,#848,.T.);
#1308=ORIENTED_EDGE('',*,*,#943,.T.);
#1309=ORIENTED_EDGE('',*,*,#839,.F.);
#1310=ORIENTED_EDGE('',*,*,#941,.F.);
#1311=ORIENTED_EDGE('',*,*,#846,.T.);
#1312=ORIENTED_EDGE('',*,*,#944,.T.);
#1313=ORIENTED_EDGE('',*,*,#844,.F.);
#1314=ORIENTED_EDGE('',*,*,#945,.F.);
#1315=ORIENTED_EDGE('',*,*,#847,.T.);
#1316=ORIENTED_EDGE('',*,*,#945,.T.);
#1317=ORIENTED_EDGE('',*,*,#843,.F.);
#1318=ORIENTED_EDGE('',*,*,#946,.F.);
#1319=ORIENTED_EDGE('',*,*,#845,.T.);
#1320=ORIENTED_EDGE('',*,*,#946,.T.);
#1321=ORIENTED_EDGE('',*,*,#842,.F.);
#1322=ORIENTED_EDGE('',*,*,#944,.F.);
#1323=ORIENTED_EDGE('',*,*,#780,.F.);
#1324=ORIENTED_EDGE('',*,*,#790,.F.);
#1325=ORIENTED_EDGE('',*,*,#761,.F.);
#1326=ORIENTED_EDGE('',*,*,#778,.F.);
#1327=SPHERICAL_SURFACE('',#1428,0.5);
#1328=SPHERICAL_SURFACE('',#1434,0.5);
#1329=SPHERICAL_SURFACE('',#1452,0.5);
#1330=SPHERICAL_SURFACE('',#1454,0.5);
#1331=SPHERICAL_SURFACE('',#1456,0.5);
#1332=SPHERICAL_SURFACE('',#1466,0.5);
#1333=ADVANCED_FACE('',(#451),#1327,.T.);
#1334=ADVANCED_FACE('',(#452),#440,.T.);
#1335=ADVANCED_FACE('',(#453),#1328,.T.);
#1336=ADVANCED_FACE('',(#454),#441,.T.);
#1337=ADVANCED_FACE('',(#455),#442,.T.);
#1338=ADVANCED_FACE('',(#456),#443,.T.);
#1339=ADVANCED_FACE('',(#457),#444,.T.);
#1340=ADVANCED_FACE('',(#458),#445,.T.);
#1341=ADVANCED_FACE('',(#459),#446,.T.);
#1342=ADVANCED_FACE('',(#460),#447,.T.);
#1343=ADVANCED_FACE('',(#461),#1329,.T.);
#1344=ADVANCED_FACE('',(#462),#1330,.T.);
#1345=ADVANCED_FACE('',(#463),#1331,.T.);
#1346=ADVANCED_FACE('',(#464),#43,.T.);
#1347=ADVANCED_FACE('',(#465),#44,.T.);
#1348=ADVANCED_FACE('',(#466),#448,.T.);
#1349=ADVANCED_FACE('',(#467,#19,#20,#21,#22,#23,#24,#25,#26,#27,#28,#29,
#30),#45,.T.);
#1350=ADVANCED_FACE('',(#468,#31,#32,#33,#34,#35,#36,#37,#38,#39,#40,#41,
#42),#46,.F.);
#1351=ADVANCED_FACE('',(#469),#449,.T.);
#1352=ADVANCED_FACE('',(#470),#1332,.T.);
#1353=ADVANCED_FACE('',(#471),#47,.T.);
#1354=ADVANCED_FACE('',(#472),#450,.T.);
#1355=ADVANCED_FACE('',(#473),#48,.T.);
#1356=ADVANCED_FACE('',(#474),#49,.T.);
#1357=ADVANCED_FACE('',(#475),#50,.T.);
#1358=ADVANCED_FACE('',(#476),#51,.T.);
#1359=ADVANCED_FACE('',(#477),#52,.T.);
#1360=ADVANCED_FACE('',(#478),#53,.T.);
#1361=ADVANCED_FACE('',(#479),#54,.T.);
#1362=ADVANCED_FACE('',(#480),#55,.T.);
#1363=ADVANCED_FACE('',(#481),#56,.T.);
#1364=ADVANCED_FACE('',(#482),#57,.T.);
#1365=ADVANCED_FACE('',(#483),#58,.T.);
#1366=ADVANCED_FACE('',(#484),#59,.T.);
#1367=ADVANCED_FACE('',(#485),#60,.T.);
#1368=ADVANCED_FACE('',(#486),#61,.T.);
#1369=ADVANCED_FACE('',(#487),#62,.T.);
#1370=ADVANCED_FACE('',(#488),#63,.T.);
#1371=ADVANCED_FACE('',(#489),#64,.T.);
#1372=ADVANCED_FACE('',(#490),#65,.T.);
#1373=ADVANCED_FACE('',(#491),#66,.T.);
#1374=ADVANCED_FACE('',(#492),#67,.T.);
#1375=ADVANCED_FACE('',(#493),#68,.T.);
#1376=ADVANCED_FACE('',(#494),#69,.T.);
#1377=ADVANCED_FACE('',(#495),#70,.T.);
#1378=ADVANCED_FACE('',(#496),#71,.T.);
#1379=ADVANCED_FACE('',(#497),#72,.T.);
#1380=ADVANCED_FACE('',(#498),#73,.T.);
#1381=ADVANCED_FACE('',(#499),#74,.T.);
#1382=ADVANCED_FACE('',(#500),#75,.T.);
#1383=ADVANCED_FACE('',(#501),#76,.T.);
#1384=ADVANCED_FACE('',(#502),#77,.T.);
#1385=ADVANCED_FACE('',(#503),#78,.T.);
#1386=ADVANCED_FACE('',(#504),#79,.T.);
#1387=ADVANCED_FACE('',(#505),#80,.T.);
#1388=ADVANCED_FACE('',(#506),#81,.T.);
#1389=ADVANCED_FACE('',(#507),#82,.T.);
#1390=ADVANCED_FACE('',(#508),#83,.T.);
#1391=ADVANCED_FACE('',(#509),#84,.T.);
#1392=ADVANCED_FACE('',(#510),#85,.T.);
#1393=ADVANCED_FACE('',(#511),#86,.T.);
#1394=ADVANCED_FACE('',(#512),#87,.T.);
#1395=ADVANCED_FACE('',(#513),#88,.T.);
#1396=ADVANCED_FACE('',(#514),#89,.T.);
#1397=ADVANCED_FACE('',(#515),#90,.T.);
#1398=ADVANCED_FACE('',(#516),#91,.T.);
#1399=ADVANCED_FACE('',(#517),#92,.T.);
#1400=ADVANCED_FACE('',(#518),#93,.T.);
#1401=ADVANCED_FACE('',(#519),#94,.T.);
#1402=ADVANCED_FACE('',(#520),#95,.T.);
#1403=ADVANCED_FACE('',(#521),#96,.T.);
#1404=ADVANCED_FACE('',(#522),#97,.T.);
#1405=CLOSED_SHELL('',(#1333,#1334,#1335,#1336,#1337,#1338,#1339,#1340,
#1341,#1342,#1343,#1344,#1345,#1346,#1347,#1348,#1349,#1350,#1351,#1352,
#1353,#1354,#1355,#1356,#1357,#1358,#1359,#1360,#1361,#1362,#1363,#1364,
#1365,#1366,#1367,#1368,#1369,#1370,#1371,#1372,#1373,#1374,#1375,#1376,
#1377,#1378,#1379,#1380,#1381,#1382,#1383,#1384,#1385,#1386,#1387,#1388,
#1389,#1390,#1391,#1392,#1393,#1394,#1395,#1396,#1397,#1398,#1399,#1400,
#1401,#1402,#1403,#1404));
#1406=DERIVED_UNIT_ELEMENT(#1409,1.);
#1407=DERIVED_UNIT_ELEMENT(#2266,-3.);
#1408=DIMENSIONAL_EXPONENTS(0.,1.,0.,0.,0.,0.,0.);
#1409=(
CONVERSION_BASED_UNIT('gram',#1411)
MASS_UNIT()
NAMED_UNIT(#1408)
);
#1410=(
MASS_UNIT()
NAMED_UNIT(*)
SI_UNIT(.KILO.,.GRAM.)
);
#1411=MASS_MEASURE_WITH_UNIT(MASS_MEASURE(0.001),#1410);
#1412=DERIVED_UNIT((#1406,#1407));
#1413=MEASURE_REPRESENTATION_ITEM('density measure',
POSITIVE_RATIO_MEASURE(1.),#1412);
#1414=PROPERTY_DEFINITION_REPRESENTATION(#1419,#1416);
#1415=PROPERTY_DEFINITION_REPRESENTATION(#1420,#1417);
#1416=REPRESENTATION('material name',(#1418),#2263);
#1417=REPRESENTATION('density',(#1413),#2263);
#1418=DESCRIPTIVE_REPRESENTATION_ITEM('Generisch','Generisch');
#1419=PROPERTY_DEFINITION('material property','material name',#2273);
#1420=PROPERTY_DEFINITION('material property','density of part',#2273);
#1421=DATE_TIME_ROLE('creation_date');
#1422=APPLIED_DATE_AND_TIME_ASSIGNMENT(#1423,#1421,(#2273));
#1423=DATE_AND_TIME(#1424,#1425);
#1424=CALENDAR_DATE(2026,27,5);
#1425=LOCAL_TIME(0,0,0.,#1426);
#1426=COORDINATED_UNIVERSAL_TIME_OFFSET(0,0,.BEHIND.);
#1427=AXIS2_PLACEMENT_3D('',#1876,#1520,#1521);
#1428=AXIS2_PLACEMENT_3D('',#1877,#1522,#1523);
#1429=AXIS2_PLACEMENT_3D('',#1880,#1524,#1525);
#1430=AXIS2_PLACEMENT_3D('',#1882,#1526,#1527);
#1431=AXIS2_PLACEMENT_3D('',#1883,#1528,#1529);
#1432=AXIS2_PLACEMENT_3D('',#1884,#1530,#1531);
#1433=AXIS2_PLACEMENT_3D('',#1889,#1534,#1535);
#1434=AXIS2_PLACEMENT_3D('',#1890,#1536,#1537);
#1435=AXIS2_PLACEMENT_3D('',#1893,#1538,#1539);
#1436=AXIS2_PLACEMENT_3D('',#1895,#1540,#1541);
#1437=AXIS2_PLACEMENT_3D('',#1896,#1542,#1543);
#1438=AXIS2_PLACEMENT_3D('',#1897,#1544,#1545);
#1439=AXIS2_PLACEMENT_3D('',#1900,#1546,#1547);
#1440=AXIS2_PLACEMENT_3D('',#1903,#1550,#1551);
#1441=AXIS2_PLACEMENT_3D('',#1906,#1554,#1555);
#1442=AXIS2_PLACEMENT_3D('',#1909,#1556,#1557);
#1443=AXIS2_PLACEMENT_3D('',#1912,#1560,#1561);
#1444=AXIS2_PLACEMENT_3D('',#1914,#1562,#1563);
#1445=AXIS2_PLACEMENT_3D('',#1917,#1566,#1567);
#1446=AXIS2_PLACEMENT_3D('',#1920,#1568,#1569);
#1447=AXIS2_PLACEMENT_3D('',#1923,#1572,#1573);
#1448=AXIS2_PLACEMENT_3D('',#1927,#1575,#1576);
#1449=AXIS2_PLACEMENT_3D('',#1930,#1578,#1579);
#1450=AXIS2_PLACEMENT_3D('',#1931,#1580,#1581);
#1451=AXIS2_PLACEMENT_3D('',#1934,#1583,#1584);
#1452=AXIS2_PLACEMENT_3D('',#1936,#1586,#1587);
#1453=AXIS2_PLACEMENT_3D('',#1937,#1588,#1589);
#1454=AXIS2_PLACEMENT_3D('',#1938,#1590,#1591);
#1455=AXIS2_PLACEMENT_3D('',#1939,#1592,#1593);
#1456=AXIS2_PLACEMENT_3D('',#1940,#1594,#1595);
#1457=AXIS2_PLACEMENT_3D('',#1941,#1596,#1597);
#1458=AXIS2_PLACEMENT_3D('',#1942,#1598,#1599);
#1459=AXIS2_PLACEMENT_3D('',#1944,#1601,#1602);
#1460=AXIS2_PLACEMENT_3D('',#1948,#1605,#1606);
#1461=AXIS2_PLACEMENT_3D('',#1951,#1608,#1609);
#1462=AXIS2_PLACEMENT_3D('',#1952,#1610,#1611);
#1463=AXIS2_PLACEMENT_3D('',#2052,#1662,#1663);
#1464=AXIS2_PLACEMENT_3D('',#2151,#1713,#1714);
#1465=AXIS2_PLACEMENT_3D('',#2153,#1715,#1716);
#1466=AXIS2_PLACEMENT_3D('',#2155,#1718,#1719);
#1467=AXIS2_PLACEMENT_3D('',#2156,#1720,#1721);
#1468=AXIS2_PLACEMENT_3D('',#2157,#1722,#1723);
#1469=AXIS2_PLACEMENT_3D('',#2159,#1725,#1726);
#1470=AXIS2_PLACEMENT_3D('',#2160,#1727,#1728);
#1471=AXIS2_PLACEMENT_3D('',#2163,#1731,#1732);
#1472=AXIS2_PLACEMENT_3D('',#2165,#1734,#1735);
#1473=AXIS2_PLACEMENT_3D('',#2167,#1737,#1738);
#1474=AXIS2_PLACEMENT_3D('',#2169,#1740,#1741);
#1475=AXIS2_PLACEMENT_3D('',#2170,#1742,#1743);
#1476=AXIS2_PLACEMENT_3D('',#2173,#1746,#1747);
#1477=AXIS2_PLACEMENT_3D('',#2175,#1749,#1750);
#1478=AXIS2_PLACEMENT_3D('',#2176,#1751,#1752);
#1479=AXIS2_PLACEMENT_3D('',#2179,#1755,#1756);
#1480=AXIS2_PLACEMENT_3D('',#2181,#1758,#1759);
#1481=AXIS2_PLACEMENT_3D('',#2183,#1761,#1762);
#1482=AXIS2_PLACEMENT_3D('',#2185,#1764,#1765);
#1483=AXIS2_PLACEMENT_3D('',#2187,#1767,#1768);
#1484=AXIS2_PLACEMENT_3D('',#2189,#1770,#1771);
#1485=AXIS2_PLACEMENT_3D('',#2190,#1772,#1773);
#1486=AXIS2_PLACEMENT_3D('',#2193,#1776,#1777);
#1487=AXIS2_PLACEMENT_3D('',#2195,#1779,#1780);
#1488=AXIS2_PLACEMENT_3D('',#2196,#1781,#1782);
#1489=AXIS2_PLACEMENT_3D('',#2199,#1785,#1786);
#1490=AXIS2_PLACEMENT_3D('',#2201,#1788,#1789);
#1491=AXIS2_PLACEMENT_3D('',#2202,#1790,#1791);
#1492=AXIS2_PLACEMENT_3D('',#2205,#1794,#1795);
#1493=AXIS2_PLACEMENT_3D('',#2207,#1797,#1798);
#1494=AXIS2_PLACEMENT_3D('',#2209,#1800,#1801);
#1495=AXIS2_PLACEMENT_3D('',#2211,#1803,#1804);
#1496=AXIS2_PLACEMENT_3D('',#2212,#1805,#1806);
#1497=AXIS2_PLACEMENT_3D('',#2215,#1809,#1810);
#1498=AXIS2_PLACEMENT_3D('',#2217,#1812,#1813);
#1499=AXIS2_PLACEMENT_3D('',#2218,#1814,#1815);
#1500=AXIS2_PLACEMENT_3D('',#2221,#1818,#1819);
#1501=AXIS2_PLACEMENT_3D('',#2223,#1821,#1822);
#1502=AXIS2_PLACEMENT_3D('',#2225,#1824,#1825);
#1503=AXIS2_PLACEMENT_3D('',#2227,#1827,#1828);
#1504=AXIS2_PLACEMENT_3D('',#2229,#1830,#1831);
#1505=AXIS2_PLACEMENT_3D('',#2231,#1833,#1834);
#1506=AXIS2_PLACEMENT_3D('',#2233,#1836,#1837);
#1507=AXIS2_PLACEMENT_3D('',#2234,#1838,#1839);
#1508=AXIS2_PLACEMENT_3D('',#2237,#1842,#1843);
#1509=AXIS2_PLACEMENT_3D('',#2239,#1845,#1846);
#1510=AXIS2_PLACEMENT_3D('',#2240,#1847,#1848);
#1511=AXIS2_PLACEMENT_3D('',#2243,#1851,#1852);
#1512=AXIS2_PLACEMENT_3D('',#2245,#1854,#1855);
#1513=AXIS2_PLACEMENT_3D('',#2246,#1856,#1857);
#1514=AXIS2_PLACEMENT_3D('',#2249,#1860,#1861);
#1515=AXIS2_PLACEMENT_3D('',#2251,#1863,#1864);
#1516=AXIS2_PLACEMENT_3D('',#2252,#1865,#1866);
#1517=AXIS2_PLACEMENT_3D('',#2255,#1869,#1870);
#1518=AXIS2_PLACEMENT_3D('',#2257,#1872,#1873);
#1519=AXIS2_PLACEMENT_3D('',#2258,#1874,#1875);
#1520=DIRECTION('axis',(0.,0.,1.));
#1521=DIRECTION('refdir',(1.,0.,0.));
#1522=DIRECTION('center_axis',(0.40824829046386,0.408248290463854,-0.816496580927732));
#1523=DIRECTION('ref_axis',(-0.577350269189634,-0.577350269189626,-0.577350269189618));
#1524=DIRECTION('center_axis',(0.,0.,-1.));
#1525=DIRECTION('ref_axis',(-1.,-2.77555756156289E-16,0.));
#1526=DIRECTION('center_axis',(0.,-1.,0.));
#1527=DIRECTION('ref_axis',(0.,0.,-1.));
#1528=DIRECTION('center_axis',(-1.,0.,0.));
#1529=DIRECTION('ref_axis',(0.,-1.,0.));
#1530=DIRECTION('center_axis',(2.764757726693E-16,-1.,0.));
#1531=DIRECTION('ref_axis',(-0.707106781186553,0.,-0.707106781186543));
#1532=DIRECTION('',(2.764757726693E-16,-1.,0.));
#1533=DIRECTION('',(-2.764757726693E-16,1.,0.));
#1534=DIRECTION('center_axis',(-0.707106781186522,-0.707106781186573,1.96261557335465E-16));
#1535=DIRECTION('ref_axis',(-0.707106781186573,0.707106781186522,1.96261557335479E-16));
#1536=DIRECTION('center_axis',(0.408248290463818,-0.816496580927749,-0.408248290463863));
#1537=DIRECTION('ref_axis',(0.57735026918966,0.577350269189547,-0.577350269189671));
#1538=DIRECTION('center_axis',(0.,0.,-1.));
#1539=DIRECTION('ref_axis',(1.,0.,0.));
#1540=DIRECTION('center_axis',(7.10542735760141E-14,1.,0.));
#1541=DIRECTION('ref_axis',(0.,0.,-1.));
#1542=DIRECTION('center_axis',(1.,0.,0.));
#1543=DIRECTION('ref_axis',(0.,1.,0.));
#1544=DIRECTION('center_axis',(-8.29427318007899E-16,1.,0.));
#1545=DIRECTION('ref_axis',(0.707106781186527,0.,-0.707106781186568));
#1546=DIRECTION('center_axis',(-4.44089209850088E-15,1.,0.));
#1547=DIRECTION('ref_axis',(1.,4.44089209850088E-15,0.));
#1548=DIRECTION('',(-8.29427318007899E-16,1.,0.));
#1549=DIRECTION('',(8.29427318007899E-16,-1.,0.));
#1550=DIRECTION('center_axis',(-1.,1.0605115459106E-16,0.));
#1551=DIRECTION('ref_axis',(0.,0.707106781186527,-0.707106781186568));
#1552=DIRECTION('',(1.,-1.0605115459106E-16,0.));
#1553=DIRECTION('',(-1.,1.0605115459106E-16,0.));
#1554=DIRECTION('center_axis',(0.,0.,1.));
#1555=DIRECTION('ref_axis',(0.707106781186497,0.707106781186598,0.));
#1556=DIRECTION('center_axis',(0.,0.,-1.));
#1557=DIRECTION('ref_axis',(0.,1.,0.));
#1558=DIRECTION('',(0.,0.,-1.));
#1559=DIRECTION('',(0.,0.,1.));
#1560=DIRECTION('center_axis',(1.,-8.83053252113073E-33,0.));
#1561=DIRECTION('ref_axis',(0.,-0.707106781186553,-0.707106781186543));
#1562=DIRECTION('center_axis',(-1.,0.,0.));
#1563=DIRECTION('ref_axis',(0.,0.,-1.));
#1564=DIRECTION('',(-1.,8.83053252113073E-33,0.));
#1565=DIRECTION('',(1.,-8.83053252113073E-33,0.));
#1566=DIRECTION('center_axis',(0.,0.,1.));
#1567=DIRECTION('ref_axis',(-0.707106781186542,-0.707106781186553,0.));
#1568=DIRECTION('center_axis',(0.,0.,-1.));
#1569=DIRECTION('ref_axis',(1.44328993201268E-14,-1.,0.));
#1570=DIRECTION('',(0.,0.,-1.));
#1571=DIRECTION('',(0.,0.,1.));
#1572=DIRECTION('center_axis',(2.764757726693E-16,-1.,0.));
#1573=DIRECTION('ref_axis',(-0.707106781186553,0.,0.707106781186543));
#1574=DIRECTION('',(2.764757726693E-16,-1.,0.));
#1575=DIRECTION('center_axis',(0.,1.,1.77635683940025E-14));
#1576=DIRECTION('ref_axis',(-1.,0.,0.));
#1577=DIRECTION('',(-2.764757726693E-16,1.,0.));
#1578=DIRECTION('center_axis',(-0.707106781186547,-0.707106781186548,-1.96261557335472E-16));
#1579=DIRECTION('ref_axis',(-0.707106781186548,0.707106781186547,-1.96261557335472E-16));
#1580=DIRECTION('center_axis',(-1.,1.0605115459106E-16,0.));
#1581=DIRECTION('ref_axis',(0.,0.707106781186578,0.707106781186517));
#1582=DIRECTION('',(1.,-1.0605115459106E-16,0.));
#1583=DIRECTION('center_axis',(-1.,0.,0.));
#1584=DIRECTION('ref_axis',(0.,0.,1.));
#1585=DIRECTION('',(-1.,1.0605115459106E-16,0.));
#1586=DIRECTION('center_axis',(-0.816496580927751,0.408248290463818,0.408248290463858));
#1587=DIRECTION('ref_axis',(0.577350269189631,0.577350269189631,0.577350269189615));
#1588=DIRECTION('center_axis',(-8.29427318007899E-16,1.,0.));
#1589=DIRECTION('ref_axis',(0.707106781186555,0.,0.70710678118654));
#1590=DIRECTION('center_axis',(-0.408248290463812,-0.81649658092774,0.408248290463887));
#1591=DIRECTION('ref_axis',(0.577350269189636,-0.577350269189616,-0.577350269189625));
#1592=DIRECTION('center_axis',(0.,0.,-1.));
#1593=DIRECTION('ref_axis',(0.707106781186555,-0.70710678118654,0.));
#1594=DIRECTION('center_axis',(-0.408248290463871,-0.408248290463857,-0.816496580927725));
#1595=DIRECTION('ref_axis',(-0.577350269189636,-0.577350269189615,0.577350269189627));
#1596=DIRECTION('center_axis',(-1.,8.83053252113073E-33,0.));
#1597=DIRECTION('ref_axis',(0.,-0.707106781186546,0.707106781186549));
#1598=DIRECTION('center_axis',(1.0605115459106E-16,1.,0.));
#1599=DIRECTION('ref_axis',(-1.,1.0605115459106E-16,0.));
#1600=DIRECTION('',(0.,0.,1.));
#1601=DIRECTION('center_axis',(1.,8.29427318007899E-16,0.));
#1602=DIRECTION('ref_axis',(-8.29427318007899E-16,1.,0.));
#1603=DIRECTION('',(-8.29427318007899E-16,1.,0.));
#1604=DIRECTION('',(0.,0.,1.));
#1605=DIRECTION('center_axis',(-8.29427318007899E-16,1.,0.));
#1606=DIRECTION('ref_axis',(0.707106781186527,0.,0.707106781186568));
#1607=DIRECTION('',(8.29427318007899E-16,-1.,0.));
#1608=DIRECTION('center_axis',(0.,1.,0.));
#1609=DIRECTION('ref_axis',(-1.4210854715202E-13,0.,1.));
#1610=DIRECTION('center_axis',(0.,0.,1.));
#1611=DIRECTION('ref_axis',(1.,0.,0.));
#1612=DIRECTION('',(-1.,8.83053252113073E-33,0.));
#1613=DIRECTION('',(0.,-1.,0.));
#1614=DIRECTION('',(-0.873331142017932,-0.487127002312184,0.));
#1615=DIRECTION('',(-1.,-5.3615342687561E-16,0.));
#1616=DIRECTION('',(-2.41997280720431E-17,1.,0.));
#1617=DIRECTION('',(0.917674682931088,-0.397332576448657,0.));
#1618=DIRECTION('',(1.,7.05263273983564E-16,0.));
#1619=DIRECTION('',(0.,-1.,0.));
#1620=DIRECTION('',(-0.908241411362463,0.418446578055457,0.));
#1621=DIRECTION('',(0.77197263050149,-0.635655769860237,0.));
#1622=DIRECTION('',(0.,-1.,0.));
#1623=DIRECTION('',(1.,1.41912886443822E-15,0.));
#1624=DIRECTION('',(0.,-1.,0.));
#1625=DIRECTION('',(-1.,-7.27017073707216E-16,0.));
#1626=DIRECTION('',(-5.80793473729034E-16,1.,0.));
#1627=DIRECTION('',(1.,0.,0.));
#1628=DIRECTION('',(1.,0.,0.));
#1629=DIRECTION('',(0.,-1.,0.));
#1630=DIRECTION('',(-0.771972630501489,0.635655769860237,0.));
#1631=DIRECTION('',(1.,4.16428919395614E-16,0.));
#1632=DIRECTION('',(1.5171571740356E-15,-1.,0.));
#1633=DIRECTION('',(-0.876600779145811,0.481218322594804,0.));
#1634=DIRECTION('',(1.,-7.3502837804322E-16,0.));
#1635=DIRECTION('',(0.860655503704608,-0.509187690290102,0.));
#1636=DIRECTION('',(0.,-1.,0.));
#1637=DIRECTION('',(-1.,-9.64328419529343E-16,0.));
#1638=DIRECTION('',(0.,1.,0.));
#1639=DIRECTION('',(1.,0.,0.));
#1640=DIRECTION('',(-0.705723702611655,-0.70848715977927,0.));
#1641=DIRECTION('',(-1.14954505895378E-15,1.,0.));
#1642=DIRECTION('',(-3.08491211588354E-15,1.,0.));
#1643=DIRECTION('',(0.705723702611654,0.70848715977927,0.));
#1644=DIRECTION('',(1.,0.,0.));
#1645=DIRECTION('',(0.507478129049621,-0.861664638090885,0.));
#1646=DIRECTION('',(0.,-1.,0.));
#1647=DIRECTION('',(-0.770435059238447,-0.637518485611398,0.));
#1648=DIRECTION('',(-1.,0.,0.));
#1649=DIRECTION('',(-0.523189039013,0.852216656406488,0.));
#1650=DIRECTION('',(1.,0.,0.));
#1651=DIRECTION('',(0.,-1.,0.));
#1652=DIRECTION('',(-0.506560469780729,0.86220443657843,0.));
#1653=DIRECTION('',(-1.,0.,0.));
#1654=DIRECTION('',(0.770435059238447,0.637518485611398,0.));
#1655=DIRECTION('',(0.,-1.,0.));
#1656=DIRECTION('',(0.,1.,0.));
#1657=DIRECTION('',(0.523189039012999,-0.852216656406489,0.));
#1658=DIRECTION('',(-1.,0.,0.));
#1659=DIRECTION('',(0.852216656406488,0.523189039012999,0.));
#1660=DIRECTION('',(0.,-1.,0.));
#1661=DIRECTION('',(-1.,-4.01997092300112E-16,0.));
#1662=DIRECTION('center_axis',(0.,0.,1.));
#1663=DIRECTION('ref_axis',(1.,0.,0.));
#1664=DIRECTION('',(0.852216656406488,0.523189039012999,0.));
#1665=DIRECTION('',(-1.,-4.01997092300112E-16,0.));
#1666=DIRECTION('',(0.,-1.,0.));
#1667=DIRECTION('',(0.,1.,0.));
#1668=DIRECTION('',(-1.,0.,0.));
#1669=DIRECTION('',(0.523189039012999,-0.852216656406489,0.));
#1670=DIRECTION('',(-1.,0.,0.));
#1671=DIRECTION('',(0.,-1.,0.));
#1672=DIRECTION('',(0.770435059238447,0.637518485611398,0.));
#1673=DIRECTION('',(1.,0.,0.));
#1674=DIRECTION('',(-0.506560469780729,0.86220443657843,0.));
#1675=DIRECTION('',(0.,-1.,0.));
#1676=DIRECTION('',(-3.08491211588354E-15,1.,0.));
#1677=DIRECTION('',(-0.523189039013,0.852216656406488,0.));
#1678=DIRECTION('',(-1.,0.,0.));
#1679=DIRECTION('',(-0.770435059238447,-0.637518485611398,0.));
#1680=DIRECTION('',(0.,-1.,0.));
#1681=DIRECTION('',(0.507478129049621,-0.861664638090885,0.));
#1682=DIRECTION('',(1.,0.,0.));
#1683=DIRECTION('',(0.705723702611654,0.70848715977927,0.));
#1684=DIRECTION('',(1.,0.,0.));
#1685=DIRECTION('',(-1.14954505895378E-15,1.,0.));
#1686=DIRECTION('',(-0.705723702611655,-0.70848715977927,0.));
#1687=DIRECTION('',(1.,-7.3502837804322E-16,0.));
#1688=DIRECTION('',(0.,1.,0.));
#1689=DIRECTION('',(-1.,-9.64328419529343E-16,0.));
#1690=DIRECTION('',(0.,-1.,0.));
#1691=DIRECTION('',(0.860655503704608,-0.509187690290102,0.));
#1692=DIRECTION('',(1.,4.16428919395614E-16,0.));
#1693=DIRECTION('',(-0.876600779145811,0.481218322594804,0.));
#1694=DIRECTION('',(1.5171571740356E-15,-1.,0.));
#1695=DIRECTION('',(1.,0.,0.));
#1696=DIRECTION('',(-0.771972630501489,0.635655769860237,0.));
#1697=DIRECTION('',(0.,-1.,0.));
#1698=DIRECTION('',(0.77197263050149,-0.635655769860237,0.));
#1699=DIRECTION('',(1.,0.,0.));
#1700=DIRECTION('',(-5.80793473729034E-16,1.,0.));
#1701=DIRECTION('',(-1.,-7.27017073707216E-16,0.));
#1702=DIRECTION('',(0.,-1.,0.));
#1703=DIRECTION('',(1.,1.41912886443822E-15,0.));
#1704=DIRECTION('',(0.,-1.,0.));
#1705=DIRECTION('',(1.,7.05263273983564E-16,0.));
#1706=DIRECTION('',(-0.908241411362463,0.418446578055457,0.));
#1707=DIRECTION('',(0.,-1.,0.));
#1708=DIRECTION('',(0.,-1.,0.));
#1709=DIRECTION('',(0.917674682931088,-0.397332576448657,0.));
#1710=DIRECTION('',(-2.41997280720431E-17,1.,0.));
#1711=DIRECTION('',(-1.,-5.3615342687561E-16,0.));
#1712=DIRECTION('',(-0.873331142017932,-0.487127002312184,0.));
#1713=DIRECTION('center_axis',(0.,0.,1.));
#1714=DIRECTION('ref_axis',(0.707106781186528,-0.707106781186567,0.));
#1715=DIRECTION('center_axis',(0.,0.,-1.));
#1716=DIRECTION('ref_axis',(1.,8.32667268468915E-16,0.));
#1717=DIRECTION('',(0.,0.,-1.));
#1718=DIRECTION('center_axis',(-0.40824829046381,-0.816496580927716,-0.408248290463936));
#1719=DIRECTION('ref_axis',(0.577350269189542,-0.577350269189665,0.57735026918967));
#1720=DIRECTION('center_axis',(1.,-8.83053252113073E-33,0.));
#1721=DIRECTION('ref_axis',(0.,-0.707106781186546,0.707106781186549));
#1722=DIRECTION('center_axis',(-8.83053252113073E-33,-1.,0.));
#1723=DIRECTION('ref_axis',(1.,-8.83053252113073E-33,0.));
#1724=DIRECTION('',(1.,-8.83053252113073E-33,0.));
#1725=DIRECTION('center_axis',(1.,-8.83053252113073E-33,0.));
#1726=DIRECTION('ref_axis',(0.,-0.707106781186546,0.707106781186549));
#1727=DIRECTION('center_axis',(-0.397332576448657,-0.917674682931088,0.));
#1728=DIRECTION('ref_axis',(0.917674682931088,-0.397332576448657,0.));
#1729=DIRECTION('',(0.,0.,1.));
#1730=DIRECTION('',(0.,0.,1.));
#1731=DIRECTION('center_axis',(1.,2.41997280720431E-17,0.));
#1732=DIRECTION('ref_axis',(-2.41997280720431E-17,1.,0.));
#1733=DIRECTION('',(0.,0.,1.));
#1734=DIRECTION('center_axis',(-5.3615342687561E-16,1.,0.));
#1735=DIRECTION('ref_axis',(-1.,-5.3615342687561E-16,0.));
#1736=DIRECTION('',(0.,0.,1.));
#1737=DIRECTION('center_axis',(-0.487127002312184,0.873331142017932,0.));
#1738=DIRECTION('ref_axis',(-0.873331142017932,-0.487127002312184,0.));
#1739=DIRECTION('',(0.,0.,1.));
#1740=DIRECTION('center_axis',(-1.,0.,0.));
#1741=DIRECTION('ref_axis',(0.,-1.,0.));
#1742=DIRECTION('center_axis',(0.418446578055457,0.908241411362463,0.));
#1743=DIRECTION('ref_axis',(-0.908241411362463,0.418446578055457,0.));
#1744=DIRECTION('',(0.,0.,1.));
#1745=DIRECTION('',(0.,0.,1.));
#1746=DIRECTION('center_axis',(-1.,0.,0.));
#1747=DIRECTION('ref_axis',(0.,-1.,0.));
#1748=DIRECTION('',(0.,0.,1.));
#1749=DIRECTION('center_axis',(7.05263273983564E-16,-1.,0.));
#1750=DIRECTION('ref_axis',(1.,7.05263273983564E-16,0.));
#1751=DIRECTION('center_axis',(0.,-1.,0.));
#1752=DIRECTION('ref_axis',(1.,0.,0.));
#1753=DIRECTION('',(0.,0.,1.));
#1754=DIRECTION('',(0.,0.,1.));
#1755=DIRECTION('center_axis',(1.,5.80793473729034E-16,0.));
#1756=DIRECTION('ref_axis',(-5.80793473729034E-16,1.,0.));
#1757=DIRECTION('',(0.,0.,1.));
#1758=DIRECTION('center_axis',(-7.27017073707216E-16,1.,0.));
#1759=DIRECTION('ref_axis',(-1.,-7.27017073707216E-16,0.));
#1760=DIRECTION('',(0.,0.,1.));
#1761=DIRECTION('center_axis',(-1.,0.,0.));
#1762=DIRECTION('ref_axis',(0.,-1.,0.));
#1763=DIRECTION('',(0.,0.,1.));
#1764=DIRECTION('center_axis',(1.41912886443822E-15,-1.,0.));
#1765=DIRECTION('ref_axis',(1.,1.41912886443822E-15,0.));
#1766=DIRECTION('',(0.,0.,1.));
#1767=DIRECTION('center_axis',(-1.,0.,0.));
#1768=DIRECTION('ref_axis',(0.,-1.,0.));
#1769=DIRECTION('',(0.,0.,1.));
#1770=DIRECTION('center_axis',(-0.635655769860237,-0.77197263050149,0.));
#1771=DIRECTION('ref_axis',(0.77197263050149,-0.635655769860237,0.));
#1772=DIRECTION('center_axis',(0.635655769860237,0.771972630501489,0.));
#1773=DIRECTION('ref_axis',(-0.771972630501489,0.635655769860237,0.));
#1774=DIRECTION('',(0.,0.,1.));
#1775=DIRECTION('',(0.,0.,1.));
#1776=DIRECTION('center_axis',(-1.,0.,0.));
#1777=DIRECTION('ref_axis',(0.,-1.,0.));
#1778=DIRECTION('',(0.,0.,1.));
#1779=DIRECTION('center_axis',(0.,-1.,0.));
#1780=DIRECTION('ref_axis',(1.,0.,0.));
#1781=DIRECTION('center_axis',(0.481218322594804,0.876600779145811,0.));
#1782=DIRECTION('ref_axis',(-0.876600779145811,0.481218322594804,0.));
#1783=DIRECTION('',(0.,0.,1.));
#1784=DIRECTION('',(0.,0.,1.));
#1785=DIRECTION('center_axis',(-1.,-1.5171571740356E-15,0.));
#1786=DIRECTION('ref_axis',(1.5171571740356E-15,-1.,0.));
#1787=DIRECTION('',(0.,0.,1.));
#1788=DIRECTION('center_axis',(4.16428919395614E-16,-1.,0.));
#1789=DIRECTION('ref_axis',(1.,4.16428919395614E-16,0.));
#1790=DIRECTION('center_axis',(1.,0.,0.));
#1791=DIRECTION('ref_axis',(0.,1.,0.));
#1792=DIRECTION('',(0.,0.,1.));
#1793=DIRECTION('',(0.,0.,1.));
#1794=DIRECTION('center_axis',(-9.64328419529343E-16,1.,0.));
#1795=DIRECTION('ref_axis',(-1.,-9.64328419529343E-16,0.));
#1796=DIRECTION('',(0.,0.,1.));
#1797=DIRECTION('center_axis',(-1.,0.,0.));
#1798=DIRECTION('ref_axis',(0.,-1.,0.));
#1799=DIRECTION('',(0.,0.,1.));
#1800=DIRECTION('center_axis',(-0.509187690290102,-0.860655503704607,0.));
#1801=DIRECTION('ref_axis',(0.860655503704608,-0.509187690290102,0.));
#1802=DIRECTION('',(0.,0.,1.));
#1803=DIRECTION('center_axis',(-7.3502837804322E-16,-1.,0.));
#1804=DIRECTION('ref_axis',(1.,-7.3502837804322E-16,0.));
#1805=DIRECTION('center_axis',(1.,1.14954505895378E-15,0.));
#1806=DIRECTION('ref_axis',(-1.14954505895378E-15,1.,0.));
#1807=DIRECTION('',(0.,0.,1.));
#1808=DIRECTION('',(0.,0.,1.));
#1809=DIRECTION('center_axis',(-0.70848715977927,0.705723702611655,0.));
#1810=DIRECTION('ref_axis',(-0.705723702611655,-0.70848715977927,0.));
#1811=DIRECTION('',(0.,0.,1.));
#1812=DIRECTION('center_axis',(0.,-1.,0.));
#1813=DIRECTION('ref_axis',(1.,0.,0.));
#1814=DIRECTION('center_axis',(0.852216656406488,0.523189039013,0.));
#1815=DIRECTION('ref_axis',(-0.523189039013,0.852216656406488,0.));
#1816=DIRECTION('',(0.,0.,1.));
#1817=DIRECTION('',(0.,0.,1.));
#1818=DIRECTION('center_axis',(0.,1.,0.));
#1819=DIRECTION('ref_axis',(-1.,0.,0.));
#1820=DIRECTION('',(0.,0.,1.));
#1821=DIRECTION('center_axis',(-0.637518485611398,0.770435059238447,0.));
#1822=DIRECTION('ref_axis',(-0.770435059238447,-0.637518485611398,0.));
#1823=DIRECTION('',(0.,0.,1.));
#1824=DIRECTION('center_axis',(-1.,0.,0.));
#1825=DIRECTION('ref_axis',(0.,-1.,0.));
#1826=DIRECTION('',(0.,0.,1.));
#1827=DIRECTION('center_axis',(-0.861664638090885,-0.507478129049621,0.));
#1828=DIRECTION('ref_axis',(0.507478129049621,-0.861664638090885,0.));
#1829=DIRECTION('',(0.,0.,1.));
#1830=DIRECTION('center_axis',(0.,-1.,0.));
#1831=DIRECTION('ref_axis',(1.,0.,0.));
#1832=DIRECTION('',(0.,0.,1.));
#1833=DIRECTION('center_axis',(0.70848715977927,-0.705723702611654,0.));
#1834=DIRECTION('ref_axis',(0.705723702611654,0.70848715977927,0.));
#1835=DIRECTION('',(0.,0.,1.));
#1836=DIRECTION('center_axis',(1.,3.08491211588354E-15,0.));
#1837=DIRECTION('ref_axis',(-3.08491211588354E-15,1.,0.));
#1838=DIRECTION('center_axis',(0.86220443657843,0.506560469780729,0.));
#1839=DIRECTION('ref_axis',(-0.506560469780729,0.86220443657843,0.));
#1840=DIRECTION('',(0.,0.,1.));
#1841=DIRECTION('',(0.,0.,1.));
#1842=DIRECTION('center_axis',(-1.,0.,0.));
#1843=DIRECTION('ref_axis',(0.,-1.,0.));
#1844=DIRECTION('',(0.,0.,1.));
#1845=DIRECTION('center_axis',(0.,-1.,0.));
#1846=DIRECTION('ref_axis',(1.,0.,0.));
#1847=DIRECTION('center_axis',(-1.,0.,0.));
#1848=DIRECTION('ref_axis',(0.,-1.,0.));
#1849=DIRECTION('',(0.,0.,1.));
#1850=DIRECTION('',(0.,0.,1.));
#1851=DIRECTION('center_axis',(0.637518485611398,-0.770435059238447,0.));
#1852=DIRECTION('ref_axis',(0.770435059238447,0.637518485611398,0.));
#1853=DIRECTION('',(0.,0.,1.));
#1854=DIRECTION('center_axis',(0.,1.,0.));
#1855=DIRECTION('ref_axis',(-1.,0.,0.));
#1856=DIRECTION('center_axis',(0.,1.,0.));
#1857=DIRECTION('ref_axis',(-1.,0.,0.));
#1858=DIRECTION('',(0.,0.,1.));
#1859=DIRECTION('',(0.,0.,1.));
#1860=DIRECTION('center_axis',(-0.852216656406489,-0.523189039012999,0.));
#1861=DIRECTION('ref_axis',(0.523189039012999,-0.852216656406489,0.));
#1862=DIRECTION('',(0.,0.,1.));
#1863=DIRECTION('center_axis',(1.,0.,0.));
#1864=DIRECTION('ref_axis',(0.,1.,0.));
#1865=DIRECTION('center_axis',(-4.01997092300112E-16,1.,0.));
#1866=DIRECTION('ref_axis',(-1.,-4.01997092300112E-16,0.));
#1867=DIRECTION('',(0.,0.,1.));
#1868=DIRECTION('',(0.,0.,1.));
#1869=DIRECTION('center_axis',(-1.,0.,0.));
#1870=DIRECTION('ref_axis',(0.,-1.,0.));
#1871=DIRECTION('',(0.,0.,1.));
#1872=DIRECTION('center_axis',(0.523189039012999,-0.852216656406488,0.));
#1873=DIRECTION('ref_axis',(0.852216656406488,0.523189039012999,0.));
#1874=DIRECTION('center_axis',(-1.,-2.764757726693E-16,0.));
#1875=DIRECTION('ref_axis',(2.764757726693E-16,-1.,0.));
#1876=CARTESIAN_POINT('',(0.,0.,0.));
#1877=CARTESIAN_POINT('Origin',(0.500000000000007,0.500000000000007,0.5));
#1878=CARTESIAN_POINT('',(-1.38237886334657E-16,0.500000000000007,0.5));
#1879=CARTESIAN_POINT('',(0.5,0.,0.5));
#1880=CARTESIAN_POINT('Origin',(0.5,0.500000000000007,0.5));
#1881=CARTESIAN_POINT('',(0.500000000000007,0.500000000000007,0.));
#1882=CARTESIAN_POINT('Origin',(0.500000000000007,0.500000000000007,0.5));
#1883=CARTESIAN_POINT('Origin',(0.500000000000007,0.500000000000007,0.5));
#1884=CARTESIAN_POINT('Origin',(0.499999999999954,192.75,0.5));
#1885=CARTESIAN_POINT('',(0.499999999999936,256.5,0.));
#1886=CARTESIAN_POINT('',(0.499999999999954,192.75,0.));
#1887=CARTESIAN_POINT('',(-7.105427357601E-14,257.,0.5));
#1888=CARTESIAN_POINT('',(-5.32907051820075E-14,192.75,0.5));
#1889=CARTESIAN_POINT('Origin',(0.499999999999936,256.5,0.5));
#1890=CARTESIAN_POINT('Origin',(334.5,256.5,0.5));
#1891=CARTESIAN_POINT('',(335.,256.5,0.5));
#1892=CARTESIAN_POINT('',(334.5,257.,0.5));
#1893=CARTESIAN_POINT('Origin',(334.5,256.5,0.5));
#1894=CARTESIAN_POINT('',(334.5,256.5,0.));
#1895=CARTESIAN_POINT('Origin',(334.5,256.5,0.5));
#1896=CARTESIAN_POINT('Origin',(334.5,256.5,0.5));
#1897=CARTESIAN_POINT('Origin',(334.5,64.2500000000001,0.5));
#1898=CARTESIAN_POINT('',(335.,0.5,0.5));
#1899=CARTESIAN_POINT('',(334.5,0.500000000000007,0.));
#1900=CARTESIAN_POINT('Origin',(334.5,0.499999999999998,0.5));
#1901=CARTESIAN_POINT('',(334.5,64.2500000000001,0.));
#1902=CARTESIAN_POINT('',(335.,64.2500000000001,0.5));
#1903=CARTESIAN_POINT('Origin',(251.25,256.5,0.5));
#1904=CARTESIAN_POINT('',(251.25,257.,0.5));
#1905=CARTESIAN_POINT('',(251.25,256.5,0.));
#1906=CARTESIAN_POINT('Origin',(334.5,256.5,0.));
#1907=CARTESIAN_POINT('',(334.5,257.,1.1));
#1908=CARTESIAN_POINT('',(335.,256.5,1.1));
#1909=CARTESIAN_POINT('Origin',(334.5,256.5,1.1));
#1910=CARTESIAN_POINT('',(335.,256.5,0.));
#1911=CARTESIAN_POINT('',(334.5,257.,0.));
#1912=CARTESIAN_POINT('Origin',(83.75,0.500000000000007,0.5));
#1913=CARTESIAN_POINT('',(334.5,0.,0.5));
#1914=CARTESIAN_POINT('Origin',(334.5,0.500000000000007,0.5));
#1915=CARTESIAN_POINT('',(83.75,0.,0.5));
#1916=CARTESIAN_POINT('',(83.75,0.500000000000007,0.));
#1917=CARTESIAN_POINT('Origin',(0.5,0.500000000000007,0.));
#1918=CARTESIAN_POINT('',(0.500000000000007,7.35141832384133E-31,1.1));
#1919=CARTESIAN_POINT('',(-1.38237886334657E-16,0.500000000000007,1.1));
#1920=CARTESIAN_POINT('Origin',(0.5,0.500000000000007,1.1));
#1921=CARTESIAN_POINT('',(-1.38777878078145E-16,0.500000000000007,0.));
#1922=CARTESIAN_POINT('',(0.5,0.,0.));
#1923=CARTESIAN_POINT('Origin',(0.499999999999954,192.75,1.1));
#1924=CARTESIAN_POINT('',(-7.105427357601E-14,257.,1.1));
#1925=CARTESIAN_POINT('',(-5.32907051820075E-14,192.75,1.1));
#1926=CARTESIAN_POINT('',(0.500000000000007,0.499999999999998,1.6));
#1927=CARTESIAN_POINT('Origin',(0.500000000000007,0.500000000000007,1.1));
#1928=CARTESIAN_POINT('',(0.499999999999936,256.5,1.6));
#1929=CARTESIAN_POINT('',(0.499999999999954,192.75,1.6));
#1930=CARTESIAN_POINT('Origin',(0.499999999999936,256.5,1.1));
#1931=CARTESIAN_POINT('Origin',(251.25,256.5,1.1));
#1932=CARTESIAN_POINT('',(334.5,256.5,1.6));
#1933=CARTESIAN_POINT('',(251.25,256.5,1.6));
#1934=CARTESIAN_POINT('Origin',(334.5,256.5,1.1));
#1935=CARTESIAN_POINT('',(251.25,257.,1.1));
#1936=CARTESIAN_POINT('Origin',(334.5,256.5,1.1));
#1937=CARTESIAN_POINT('Origin',(334.5,256.5,1.1));
#1938=CARTESIAN_POINT('Origin',(334.5,0.5,0.5));
#1939=CARTESIAN_POINT('Origin',(334.5,0.5,0.5));
#1940=CARTESIAN_POINT('Origin',(0.500000000000007,0.499999999999998,1.1));
#1941=CARTESIAN_POINT('Origin',(0.500000000000007,0.499999999999998,1.1));
#1942=CARTESIAN_POINT('Origin',(335.,257.,0.));
#1943=CARTESIAN_POINT('',(-7.105427357601E-14,257.,0.));
#1944=CARTESIAN_POINT('Origin',(335.,-2.95822839457879E-30,0.));
#1945=CARTESIAN_POINT('',(335.,0.5,1.1));
#1946=CARTESIAN_POINT('',(335.,64.2500000000001,1.1));
#1947=CARTESIAN_POINT('',(335.,0.5,0.));
#1948=CARTESIAN_POINT('Origin',(334.5,64.2500000000001,1.1));
#1949=CARTESIAN_POINT('',(334.5,0.499999999999998,1.6));
#1950=CARTESIAN_POINT('',(334.5,64.2500000000001,1.6));
#1951=CARTESIAN_POINT('Origin',(334.5,0.499999999999998,1.1));
#1952=CARTESIAN_POINT('Origin',(167.5,128.5,1.6));
#1953=CARTESIAN_POINT('',(83.75,0.499999999999998,1.6));
#1954=CARTESIAN_POINT('',(99.,182.459658031224,1.6));
#1955=CARTESIAN_POINT('',(99.,67.6457246210799,1.6));
#1956=CARTESIAN_POINT('',(99.,182.459658031224,1.6));
#1957=CARTESIAN_POINT('',(33.2828755275884,30.99,1.6));
#1958=CARTESIAN_POINT('',(99.,67.6457246210799,1.6));
#1959=CARTESIAN_POINT('',(25.,30.99,1.6));
#1960=CARTESIAN_POINT('',(33.2828755275884,30.99,1.6));
#1961=CARTESIAN_POINT('',(25.,214.5,1.6));
#1962=CARTESIAN_POINT('',(25.,30.99,1.6));
#1963=CARTESIAN_POINT('',(25.,214.5,1.6));
#1964=CARTESIAN_POINT('',(48.6257098610341,214.5,1.6));
#1965=CARTESIAN_POINT('',(99.,214.5,1.6));
#1966=CARTESIAN_POINT('',(48.6257098610341,214.5,1.6));
#1967=CARTESIAN_POINT('',(99.,191.291468582123,1.6));
#1968=CARTESIAN_POINT('',(99.,214.5,1.6));
#1969=CARTESIAN_POINT('',(99.,191.291468582123,1.6));
#1970=CARTESIAN_POINT('',(132.,214.5,1.6));
#1971=CARTESIAN_POINT('',(182.,173.329125234187,1.6));
#1972=CARTESIAN_POINT('',(132.,214.5,1.6));
#1973=CARTESIAN_POINT('',(182.,82.0000000000002,1.6));
#1974=CARTESIAN_POINT('',(182.,173.329125234187,1.6));
#1975=CARTESIAN_POINT('',(194.517234226671,82.0000000000002,1.6));
#1976=CARTESIAN_POINT('',(182.,82.0000000000002,1.6));
#1977=CARTESIAN_POINT('',(194.517234226671,30.9900000000001,1.6));
#1978=CARTESIAN_POINT('',(194.517234226671,82.0000000000002,1.6));
#1979=CARTESIAN_POINT('',(109.,30.99,1.6));
#1980=CARTESIAN_POINT('',(194.517234226671,30.9900000000001,1.6));
#1981=CARTESIAN_POINT('',(109.,214.5,1.6));
#1982=CARTESIAN_POINT('',(109.,30.99,1.6));
#1983=CARTESIAN_POINT('',(109.,214.5,1.6));
#1984=CARTESIAN_POINT('',(138.226894401188,230.098789607025,1.6));
#1985=CARTESIAN_POINT('',(182.,230.098789607025,1.6));
#1986=CARTESIAN_POINT('',(138.226894401188,230.098789607025,1.6));
#1987=CARTESIAN_POINT('',(182.,194.055248632637,1.6));
#1988=CARTESIAN_POINT('',(182.,230.098789607025,1.6));
#1989=CARTESIAN_POINT('',(182.,194.055248632637,1.6));
#1990=CARTESIAN_POINT('',(264.568808666741,82.0000000000003,1.6));
#1991=CARTESIAN_POINT('',(307.225712562329,82.0000000000003,1.6));
#1992=CARTESIAN_POINT('',(264.568808666741,82.0000000000003,1.6));
#1993=CARTESIAN_POINT('',(307.225712562329,58.5830875033842,1.6));
#1994=CARTESIAN_POINT('',(307.225712562329,82.0000000000003,1.6));
#1995=CARTESIAN_POINT('',(307.225712562329,58.5830875033842,1.6));
#1996=CARTESIAN_POINT('',(210.517234226671,82.0000000000002,1.6));
#1997=CARTESIAN_POINT('',(234.68442140561,82.0000000000002,1.6));
#1998=CARTESIAN_POINT('',(210.517234226671,82.0000000000002,1.6));
#1999=CARTESIAN_POINT('',(307.225712562329,39.0825581945863,1.6));
#2000=CARTESIAN_POINT('',(234.68442140561,82.0000000000002,1.6));
#2001=CARTESIAN_POINT('',(307.225712562329,30.9900000000001,1.6));
#2002=CARTESIAN_POINT('',(307.225712562329,39.0825581945863,1.6));
#2003=CARTESIAN_POINT('',(210.517234226671,30.9900000000001,1.6));
#2004=CARTESIAN_POINT('',(307.225712562329,30.9900000000001,1.6));
#2005=CARTESIAN_POINT('',(210.517234226671,30.9900000000001,1.6));
#2006=CARTESIAN_POINT('',(191.670081954308,230.460179241564,1.6));
#2007=CARTESIAN_POINT('',(222.454923979283,230.460179241564,1.6));
#2008=CARTESIAN_POINT('',(191.670081954308,230.460179241564,1.6));
#2009=CARTESIAN_POINT('',(191.670081954308,199.554790617355,1.6));
#2010=CARTESIAN_POINT('',(222.454923979283,230.460179241564,1.6));
#2011=CARTESIAN_POINT('',(191.670081954308,199.554790617355,1.6));
#2012=CARTESIAN_POINT('',(191.670081954308,165.366610571868,1.6));
#2013=CARTESIAN_POINT('',(191.670081954308,176.883028367074,1.6));
#2014=CARTESIAN_POINT('',(191.670081954308,165.366610571868,1.6));
#2015=CARTESIAN_POINT('',(245.038254924878,230.460179241564,1.6));
#2016=CARTESIAN_POINT('',(191.670081954308,176.883028367074,1.6));
#2017=CARTESIAN_POINT('',(270.625148938277,230.460179241564,1.6));
#2018=CARTESIAN_POINT('',(245.038254924878,230.460179241564,1.6));
#2019=CARTESIAN_POINT('',(307.599918045692,167.679442067529,1.6));
#2020=CARTESIAN_POINT('',(270.625148938277,230.460179241564,1.6));
#2021=CARTESIAN_POINT('',(307.599918045692,157.42349446544,1.6));
#2022=CARTESIAN_POINT('',(307.599918045692,167.679442067529,1.6));
#2023=CARTESIAN_POINT('',(245.527837470272,106.060179241564,1.6));
#2024=CARTESIAN_POINT('',(307.599918045692,157.42349446544,1.6));
#2025=CARTESIAN_POINT('',(228.079221087811,106.060179241564,1.6));
#2026=CARTESIAN_POINT('',(245.527837470272,106.060179241564,1.6));
#2027=CARTESIAN_POINT('',(228.079221087811,106.060179241564,1.6));
#2028=CARTESIAN_POINT('',(289.227216434655,230.460179241564,1.6));
#2029=CARTESIAN_POINT('',(307.599918045692,230.460179241564,1.6));
#2030=CARTESIAN_POINT('',(289.227216434655,230.460179241564,1.6));
#2031=CARTESIAN_POINT('',(307.599918045692,199.188444106319,1.6));
#2032=CARTESIAN_POINT('',(307.599918045692,230.460179241564,1.6));
#2033=CARTESIAN_POINT('',(307.599918045692,199.188444106319,1.6));
#2034=CARTESIAN_POINT('',(307.599918045692,106.060179241564,1.6));
#2035=CARTESIAN_POINT('',(270.625148938277,106.060179241564,1.6));
#2036=CARTESIAN_POINT('',(307.599918045692,106.060179241564,1.6));
#2037=CARTESIAN_POINT('',(307.599918045692,136.656007565486,1.6));
#2038=CARTESIAN_POINT('',(270.625148938277,106.060179241564,1.6));
#2039=CARTESIAN_POINT('',(307.599918045692,136.656007565486,1.6));
#2040=CARTESIAN_POINT('',(191.670081954308,106.060179241564,1.6));
#2041=CARTESIAN_POINT('',(191.670081954308,134.78493013341,1.6));
#2042=CARTESIAN_POINT('',(191.670081954308,106.060179241564,1.6));
#2043=CARTESIAN_POINT('',(209.304652579062,106.060179241564,1.6));
#2044=CARTESIAN_POINT('',(191.670081954308,134.78493013341,1.6));
#2045=CARTESIAN_POINT('',(209.304652579062,106.060179241564,1.6));
#2046=CARTESIAN_POINT('',(54.8116993026878,30.99,1.6));
#2047=CARTESIAN_POINT('',(99.,58.1178839760403,1.6));
#2048=CARTESIAN_POINT('',(54.8116993026878,30.99,1.6));
#2049=CARTESIAN_POINT('',(99.,30.99,1.6));
#2050=CARTESIAN_POINT('',(99.,58.1178839760403,1.6));
#2051=CARTESIAN_POINT('',(99.,30.99,1.6));
#2052=CARTESIAN_POINT('Origin',(167.5,128.5,0.));
#2053=CARTESIAN_POINT('',(54.8116993026878,30.99,0.));
#2054=CARTESIAN_POINT('',(99.,58.1178839760403,0.));
#2055=CARTESIAN_POINT('',(54.8116993026878,30.99,0.));
#2056=CARTESIAN_POINT('',(99.,30.99,0.));
#2057=CARTESIAN_POINT('',(99.,30.99,0.));
#2058=CARTESIAN_POINT('',(99.,58.1178839760403,0.));
#2059=CARTESIAN_POINT('',(191.670081954308,106.060179241564,0.));
#2060=CARTESIAN_POINT('',(191.670081954308,134.78493013341,0.));
#2061=CARTESIAN_POINT('',(191.670081954308,106.060179241564,0.));
#2062=CARTESIAN_POINT('',(209.304652579062,106.060179241564,0.));
#2063=CARTESIAN_POINT('',(209.304652579062,106.060179241564,0.));
#2064=CARTESIAN_POINT('',(191.670081954308,134.78493013341,0.));
#2065=CARTESIAN_POINT('',(307.599918045692,106.060179241564,0.));
#2066=CARTESIAN_POINT('',(270.625148938277,106.060179241564,0.));
#2067=CARTESIAN_POINT('',(307.599918045692,106.060179241564,0.));
#2068=CARTESIAN_POINT('',(307.599918045692,136.656007565486,0.));
#2069=CARTESIAN_POINT('',(307.599918045692,136.656007565486,0.));
#2070=CARTESIAN_POINT('',(270.625148938277,106.060179241564,0.));
#2071=CARTESIAN_POINT('',(289.227216434655,230.460179241564,0.));
#2072=CARTESIAN_POINT('',(307.599918045692,230.460179241564,0.));
#2073=CARTESIAN_POINT('',(289.227216434655,230.460179241564,0.));
#2074=CARTESIAN_POINT('',(307.599918045692,199.188444106319,0.));
#2075=CARTESIAN_POINT('',(307.599918045692,199.188444106319,0.));
#2076=CARTESIAN_POINT('',(307.599918045692,230.460179241564,0.));
#2077=CARTESIAN_POINT('',(191.670081954308,165.366610571868,0.));
#2078=CARTESIAN_POINT('',(191.670081954308,176.883028367074,0.));
#2079=CARTESIAN_POINT('',(191.670081954308,165.366610571868,0.));
#2080=CARTESIAN_POINT('',(228.079221087811,106.060179241564,0.));
#2081=CARTESIAN_POINT('',(228.079221087811,106.060179241564,0.));
#2082=CARTESIAN_POINT('',(245.527837470272,106.060179241564,0.));
#2083=CARTESIAN_POINT('',(245.527837470272,106.060179241564,0.));
#2084=CARTESIAN_POINT('',(307.599918045692,157.42349446544,0.));
#2085=CARTESIAN_POINT('',(307.599918045692,157.42349446544,0.));
#2086=CARTESIAN_POINT('',(307.599918045692,167.679442067529,0.));
#2087=CARTESIAN_POINT('',(307.599918045692,167.679442067529,0.));
#2088=CARTESIAN_POINT('',(270.625148938277,230.460179241564,0.));
#2089=CARTESIAN_POINT('',(270.625148938277,230.460179241564,0.));
#2090=CARTESIAN_POINT('',(245.038254924878,230.460179241564,0.));
#2091=CARTESIAN_POINT('',(245.038254924878,230.460179241564,0.));
#2092=CARTESIAN_POINT('',(191.670081954308,176.883028367074,0.));
#2093=CARTESIAN_POINT('',(191.670081954308,230.460179241564,0.));
#2094=CARTESIAN_POINT('',(222.454923979283,230.460179241564,0.));
#2095=CARTESIAN_POINT('',(191.670081954308,230.460179241564,0.));
#2096=CARTESIAN_POINT('',(191.670081954308,199.554790617355,0.));
#2097=CARTESIAN_POINT('',(191.670081954308,199.554790617355,0.));
#2098=CARTESIAN_POINT('',(222.454923979283,230.460179241564,0.));
#2099=CARTESIAN_POINT('',(210.517234226671,82.0000000000002,0.));
#2100=CARTESIAN_POINT('',(234.68442140561,82.0000000000002,0.));
#2101=CARTESIAN_POINT('',(210.517234226671,82.0000000000002,0.));
#2102=CARTESIAN_POINT('',(210.517234226671,30.9900000000001,0.));
#2103=CARTESIAN_POINT('',(210.517234226671,30.9900000000001,0.));
#2104=CARTESIAN_POINT('',(307.225712562329,30.9900000000001,0.));
#2105=CARTESIAN_POINT('',(307.225712562329,30.9900000000001,0.));
#2106=CARTESIAN_POINT('',(307.225712562329,39.0825581945863,0.));
#2107=CARTESIAN_POINT('',(307.225712562329,39.0825581945863,0.));
#2108=CARTESIAN_POINT('',(234.68442140561,82.0000000000002,0.));
#2109=CARTESIAN_POINT('',(264.568808666741,82.0000000000003,0.));
#2110=CARTESIAN_POINT('',(307.225712562329,82.0000000000003,0.));
#2111=CARTESIAN_POINT('',(264.568808666741,82.0000000000003,0.));
#2112=CARTESIAN_POINT('',(307.225712562329,58.5830875033842,0.));
#2113=CARTESIAN_POINT('',(307.225712562329,58.5830875033842,0.));
#2114=CARTESIAN_POINT('',(307.225712562329,82.0000000000003,0.));
#2115=CARTESIAN_POINT('',(138.226894401188,230.098789607025,0.));
#2116=CARTESIAN_POINT('',(182.,230.098789607025,0.));
#2117=CARTESIAN_POINT('',(138.226894401188,230.098789607025,0.));
#2118=CARTESIAN_POINT('',(182.,194.055248632637,0.));
#2119=CARTESIAN_POINT('',(182.,194.055248632637,0.));
#2120=CARTESIAN_POINT('',(182.,230.098789607025,0.));
#2121=CARTESIAN_POINT('',(132.,214.5,0.));
#2122=CARTESIAN_POINT('',(182.,173.329125234187,0.));
#2123=CARTESIAN_POINT('',(132.,214.5,0.));
#2124=CARTESIAN_POINT('',(109.,214.5,0.));
#2125=CARTESIAN_POINT('',(109.,214.5,0.));
#2126=CARTESIAN_POINT('',(109.,30.99,0.));
#2127=CARTESIAN_POINT('',(109.,30.99,0.));
#2128=CARTESIAN_POINT('',(194.517234226671,30.9900000000001,0.));
#2129=CARTESIAN_POINT('',(194.517234226671,30.9900000000001,0.));
#2130=CARTESIAN_POINT('',(194.517234226671,82.0000000000002,0.));
#2131=CARTESIAN_POINT('',(194.517234226671,82.0000000000002,0.));
#2132=CARTESIAN_POINT('',(182.,82.0000000000002,0.));
#2133=CARTESIAN_POINT('',(182.,82.0000000000002,0.));
#2134=CARTESIAN_POINT('',(182.,173.329125234187,0.));
#2135=CARTESIAN_POINT('',(48.6257098610341,214.5,0.));
#2136=CARTESIAN_POINT('',(99.,214.5,0.));
#2137=CARTESIAN_POINT('',(48.6257098610341,214.5,0.));
#2138=CARTESIAN_POINT('',(99.,191.291468582123,0.));
#2139=CARTESIAN_POINT('',(99.,191.291468582123,0.));
#2140=CARTESIAN_POINT('',(99.,214.5,0.));
#2141=CARTESIAN_POINT('',(99.,182.459658031224,0.));
#2142=CARTESIAN_POINT('',(99.,67.6457246210799,0.));
#2143=CARTESIAN_POINT('',(99.,182.459658031224,0.));
#2144=CARTESIAN_POINT('',(25.,214.5,0.));
#2145=CARTESIAN_POINT('',(25.,214.5,0.));
#2146=CARTESIAN_POINT('',(25.,30.99,0.));
#2147=CARTESIAN_POINT('',(25.,30.99,0.));
#2148=CARTESIAN_POINT('',(33.2828755275884,30.99,0.));
#2149=CARTESIAN_POINT('',(33.2828755275884,30.99,0.));
#2150=CARTESIAN_POINT('',(99.,67.6457246210799,0.));
#2151=CARTESIAN_POINT('Origin',(334.5,0.5,0.));
#2152=CARTESIAN_POINT('',(334.5,-2.21425602967353E-30,1.1));
#2153=CARTESIAN_POINT('Origin',(334.5,0.5,1.1));
#2154=CARTESIAN_POINT('',(334.5,0.,0.));
#2155=CARTESIAN_POINT('Origin',(334.5,0.499999999999998,1.1));
#2156=CARTESIAN_POINT('Origin',(334.5,0.499999999999998,1.1));
#2157=CARTESIAN_POINT('Origin',(0.,0.,0.));
#2158=CARTESIAN_POINT('',(83.75,0.,1.1));
#2159=CARTESIAN_POINT('Origin',(83.75,0.499999999999998,1.1));
#2160=CARTESIAN_POINT('Origin',(25.,214.5,0.));
#2161=CARTESIAN_POINT('',(99.,182.459658031224,0.));
#2162=CARTESIAN_POINT('',(25.,214.5,0.));
#2163=CARTESIAN_POINT('Origin',(25.,30.99,0.));
#2164=CARTESIAN_POINT('',(25.,30.99,0.));
#2165=CARTESIAN_POINT('Origin',(33.2828755275884,30.99,0.));
#2166=CARTESIAN_POINT('',(33.2828755275884,30.99,0.));
#2167=CARTESIAN_POINT('Origin',(99.,67.6457246210799,0.));
#2168=CARTESIAN_POINT('',(99.,67.6457246210799,0.));
#2169=CARTESIAN_POINT('Origin',(99.,182.459658031224,0.));
#2170=CARTESIAN_POINT('Origin',(99.,191.291468582123,0.));
#2171=CARTESIAN_POINT('',(48.6257098610341,214.5,0.));
#2172=CARTESIAN_POINT('',(99.,191.291468582123,0.));
#2173=CARTESIAN_POINT('Origin',(99.,214.5,0.));
#2174=CARTESIAN_POINT('',(99.,214.5,0.));
#2175=CARTESIAN_POINT('Origin',(48.6257098610341,214.5,0.));
#2176=CARTESIAN_POINT('Origin',(109.,214.5,0.));
#2177=CARTESIAN_POINT('',(132.,214.5,0.));
#2178=CARTESIAN_POINT('',(109.,214.5,0.));
#2179=CARTESIAN_POINT('Origin',(109.,30.99,0.));
#2180=CARTESIAN_POINT('',(109.,30.99,0.));
#2181=CARTESIAN_POINT('Origin',(194.517234226671,30.9900000000001,0.));
#2182=CARTESIAN_POINT('',(194.517234226671,30.9900000000001,0.));
#2183=CARTESIAN_POINT('Origin',(194.517234226671,82.0000000000002,0.));
#2184=CARTESIAN_POINT('',(194.517234226671,82.0000000000002,0.));
#2185=CARTESIAN_POINT('Origin',(182.,82.0000000000002,0.));
#2186=CARTESIAN_POINT('',(182.,82.0000000000002,0.));
#2187=CARTESIAN_POINT('Origin',(182.,173.329125234187,0.));
#2188=CARTESIAN_POINT('',(182.,173.329125234187,0.));
#2189=CARTESIAN_POINT('Origin',(132.,214.5,0.));
#2190=CARTESIAN_POINT('Origin',(182.,194.055248632637,0.));
#2191=CARTESIAN_POINT('',(138.226894401188,230.098789607025,0.));
#2192=CARTESIAN_POINT('',(182.,194.055248632637,0.));
#2193=CARTESIAN_POINT('Origin',(182.,230.098789607025,0.));
#2194=CARTESIAN_POINT('',(182.,230.098789607025,0.));
#2195=CARTESIAN_POINT('Origin',(138.226894401188,230.098789607025,0.));
#2196=CARTESIAN_POINT('Origin',(307.225712562329,58.5830875033842,0.));
#2197=CARTESIAN_POINT('',(264.568808666741,82.0000000000003,0.));
#2198=CARTESIAN_POINT('',(307.225712562329,58.5830875033842,0.));
#2199=CARTESIAN_POINT('Origin',(307.225712562329,82.0000000000003,0.));
#2200=CARTESIAN_POINT('',(307.225712562329,82.0000000000003,0.));
#2201=CARTESIAN_POINT('Origin',(264.568808666741,82.0000000000003,0.));
#2202=CARTESIAN_POINT('Origin',(210.517234226671,30.9900000000001,0.));
#2203=CARTESIAN_POINT('',(210.517234226671,82.0000000000002,0.));
#2204=CARTESIAN_POINT('',(210.517234226671,30.9900000000001,0.));
#2205=CARTESIAN_POINT('Origin',(307.225712562329,30.9900000000001,0.));
#2206=CARTESIAN_POINT('',(307.225712562329,30.9900000000001,0.));
#2207=CARTESIAN_POINT('Origin',(307.225712562329,39.0825581945863,0.));
#2208=CARTESIAN_POINT('',(307.225712562329,39.0825581945863,0.));
#2209=CARTESIAN_POINT('Origin',(234.68442140561,82.0000000000002,0.));
#2210=CARTESIAN_POINT('',(234.68442140561,82.0000000000002,0.));
#2211=CARTESIAN_POINT('Origin',(210.517234226671,82.0000000000002,0.));
#2212=CARTESIAN_POINT('Origin',(191.670081954308,199.554790617355,0.));
#2213=CARTESIAN_POINT('',(191.670081954308,230.460179241564,0.));
#2214=CARTESIAN_POINT('',(191.670081954308,199.554790617355,0.));
#2215=CARTESIAN_POINT('Origin',(222.454923979283,230.460179241564,0.));
#2216=CARTESIAN_POINT('',(222.454923979283,230.460179241564,0.));
#2217=CARTESIAN_POINT('Origin',(191.670081954308,230.460179241564,0.));
#2218=CARTESIAN_POINT('Origin',(228.079221087811,106.060179241564,0.));
#2219=CARTESIAN_POINT('',(191.670081954308,165.366610571868,0.));
#2220=CARTESIAN_POINT('',(228.079221087811,106.060179241564,0.));
#2221=CARTESIAN_POINT('Origin',(245.527837470272,106.060179241564,0.));
#2222=CARTESIAN_POINT('',(245.527837470272,106.060179241564,0.));
#2223=CARTESIAN_POINT('Origin',(307.599918045692,157.42349446544,0.));
#2224=CARTESIAN_POINT('',(307.599918045692,157.42349446544,0.));
#2225=CARTESIAN_POINT('Origin',(307.599918045692,167.679442067529,0.));
#2226=CARTESIAN_POINT('',(307.599918045692,167.679442067529,0.));
#2227=CARTESIAN_POINT('Origin',(270.625148938277,230.460179241564,0.));
#2228=CARTESIAN_POINT('',(270.625148938277,230.460179241564,0.));
#2229=CARTESIAN_POINT('Origin',(245.038254924878,230.460179241564,0.));
#2230=CARTESIAN_POINT('',(245.038254924878,230.460179241564,0.));
#2231=CARTESIAN_POINT('Origin',(191.670081954308,176.883028367074,0.));
#2232=CARTESIAN_POINT('',(191.670081954308,176.883028367074,0.));
#2233=CARTESIAN_POINT('Origin',(191.670081954308,165.366610571868,0.));
#2234=CARTESIAN_POINT('Origin',(307.599918045692,199.188444106319,0.));
#2235=CARTESIAN_POINT('',(289.227216434655,230.460179241564,0.));
#2236=CARTESIAN_POINT('',(307.599918045692,199.188444106319,0.));
#2237=CARTESIAN_POINT('Origin',(307.599918045692,230.460179241564,0.));
#2238=CARTESIAN_POINT('',(307.599918045692,230.460179241564,0.));
#2239=CARTESIAN_POINT('Origin',(289.227216434655,230.460179241564,0.));
#2240=CARTESIAN_POINT('Origin',(307.599918045692,136.656007565486,0.));
#2241=CARTESIAN_POINT('',(307.599918045692,106.060179241564,0.));
#2242=CARTESIAN_POINT('',(307.599918045692,136.656007565486,0.));
#2243=CARTESIAN_POINT('Origin',(270.625148938277,106.060179241564,0.));
#2244=CARTESIAN_POINT('',(270.625148938277,106.060179241564,0.));
#2245=CARTESIAN_POINT('Origin',(307.599918045692,106.060179241564,0.));
#2246=CARTESIAN_POINT('Origin',(209.304652579062,106.060179241564,0.));
#2247=CARTESIAN_POINT('',(191.670081954308,106.060179241564,0.));
#2248=CARTESIAN_POINT('',(209.304652579062,106.060179241564,0.));
#2249=CARTESIAN_POINT('Origin',(191.670081954308,134.78493013341,0.));
#2250=CARTESIAN_POINT('',(191.670081954308,134.78493013341,0.));
#2251=CARTESIAN_POINT('Origin',(191.670081954308,106.060179241564,0.));
#2252=CARTESIAN_POINT('Origin',(99.,30.99,0.));
#2253=CARTESIAN_POINT('',(54.8116993026878,30.99,0.));
#2254=CARTESIAN_POINT('',(99.,30.99,0.));
#2255=CARTESIAN_POINT('Origin',(99.,58.1178839760403,0.));
#2256=CARTESIAN_POINT('',(99.,58.1178839760403,0.));
#2257=CARTESIAN_POINT('Origin',(54.8116993026878,30.99,0.));
#2258=CARTESIAN_POINT('Origin',(-7.105427357601E-14,257.,0.));
#2259=CARTESIAN_POINT('',(0.,0.,0.));
#2260=CARTESIAN_POINT('',(0.,0.,1.6));
#2261=UNCERTAINTY_MEASURE_WITH_UNIT(LENGTH_MEASURE(0.01),#2265,
'DISTANCE_ACCURACY_VALUE',
'Maximum model space distance between geometric entities at asserted c
onnectivities');
#2262=UNCERTAINTY_MEASURE_WITH_UNIT(LENGTH_MEASURE(0.01),#2265,
'DISTANCE_ACCURACY_VALUE',
'Maximum model space distance between geometric entities at asserted c
onnectivities');
#2263=(
GEOMETRIC_REPRESENTATION_CONTEXT(3)
GLOBAL_UNCERTAINTY_ASSIGNED_CONTEXT((#2261))
GLOBAL_UNIT_ASSIGNED_CONTEXT((#2265,#2267,#2268))
REPRESENTATION_CONTEXT('','3D')
);
#2264=(
GEOMETRIC_REPRESENTATION_CONTEXT(3)
GLOBAL_UNCERTAINTY_ASSIGNED_CONTEXT((#2262))
GLOBAL_UNIT_ASSIGNED_CONTEXT((#2265,#2267,#2268))
REPRESENTATION_CONTEXT('','3D')
);
#2265=(
LENGTH_UNIT()
NAMED_UNIT(*)
SI_UNIT(.MILLI.,.METRE.)
);
#2266=(
LENGTH_UNIT()
NAMED_UNIT(*)
SI_UNIT(.CENTI.,.METRE.)
);
#2267=(
NAMED_UNIT(*)
PLANE_ANGLE_UNIT()
SI_UNIT($,.RADIAN.)
);
#2268=(
NAMED_UNIT(*)
SI_UNIT($,.STERADIAN.)
SOLID_ANGLE_UNIT()
);
#2269=SHAPE_DEFINITION_REPRESENTATION(#2270,#2271);
#2270=PRODUCT_DEFINITION_SHAPE('',$,#2273);
#2271=SHAPE_REPRESENTATION('',(#1427),#2263);
#2272=PRODUCT_DEFINITION_CONTEXT('part definition',#2277,'design');
#2273=PRODUCT_DEFINITION('weyrichn ps3 halter','weyrichn ps3 halter',#2274,
#2272);
#2274=PRODUCT_DEFINITION_FORMATION('',$,#2279);
#2275=PRODUCT_RELATED_PRODUCT_CATEGORY('weyrichn ps3 halter',
'weyrichn ps3 halter',(#2279));
#2276=APPLICATION_PROTOCOL_DEFINITION('international standard',
'automotive_design',2009,#2277);
#2277=APPLICATION_CONTEXT(
'Core Data for Automotive Mechanical Design Process');
#2278=PRODUCT_CONTEXT('part definition',#2277,'mechanical');
#2279=PRODUCT('weyrichn ps3 halter','weyrichn ps3 halter',$,(#2278));
#2280=PRESENTATION_STYLE_ASSIGNMENT((#2282));
#2281=PRESENTATION_STYLE_ASSIGNMENT((#2283));
#2282=SURFACE_STYLE_USAGE(.BOTH.,#2286);
#2283=SURFACE_STYLE_USAGE(.BOTH.,#2287);
#2284=SURFACE_STYLE_RENDERING_WITH_PROPERTIES($,#2294,(#2285));
#2285=SURFACE_STYLE_TRANSPARENT(0.);
#2286=SURFACE_SIDE_STYLE('',(#2288,#2284));
#2287=SURFACE_SIDE_STYLE('',(#2289));
#2288=SURFACE_STYLE_FILL_AREA(#2290);
#2289=SURFACE_STYLE_FILL_AREA(#2291);
#2290=FILL_AREA_STYLE('',(#2292));
#2291=FILL_AREA_STYLE('',(#2293));
#2292=FILL_AREA_STYLE_COLOUR('',#2294);
#2293=FILL_AREA_STYLE_COLOUR('',#2295);
#2294=COLOUR_RGB('',0.749019607843137,0.749019607843137,0.749019607843137);
#2295=COLOUR_RGB('',1.,1.,0.);
ENDSEC;
END-ISO-10303-21;
